valor,hora,cidade,anomalia,score
859,12,6,1,0.1459268270928778
1279,12,0,1,0.11533224196734548
401,21,6,1,0.08887501099737238
1080,16,7,1,0.11220598401337334
1333,15,4,1,0.1465088704825397
91,12,7,1,0.06771480049439893
1726,7,1,1,0.09641429134840634
551,22,1,1,0.08214537877786243
188,22,0,1,0.037401764467205556
2125,15,4,1,0.12610642691248503
214,7,6,1,0.09031562526435355
814,11,4,1,0.14116690206304455
2328,19,4,1,0.09580293234154208
13,16,4,1,0.09986824793901938
1128,17,7,1,0.11487150890982889
2451,20,4,1,0.07857838283539831
1680,22,1,1,0.08606690617824353
1468,18,4,1,0.13622552140679356
1234,18,6,1,0.13513850833919583
2468,10,4,1,0.08107808716249398
108,13,6,1,0.09961563918451721
1648,17,0,1,0.12116198789518923
798,20,6,1,0.11880198593863467
591,14,4,1,0.14424320511575678
2403,20,7,1,0.05465425576169636
1659,13,1,1,0.13608188837730728
1287,16,6,1,0.13312567769014894
496,20,7,1,0.08888558897629995
1483,11,1,1,0.13039043337835982
173,20,1,1,0.08081026304542505
1635,22,6,1,0.0821892634630329
2252,8,7,1,0.05442630525464032
334,7,6,1,0.0920981232007142
1555,14,0,1,0.11401972929021026
1347,14,6,1,0.14248913621947817
456,12,0,1,0.09451843683727879
1402,23,6,1,0.059620649868927456
476,20,0,1,0.08694668228156399
120,20,7,1,0.06372029786618838
1403,14,6,1,0.14283713794240815
1516,16,7,1,0.11051666156966433
1048,15,7,1,0.12193793659464652
1995,9,6,1,0.11352370507330856
1824,17,4,1,0.13757906020905736
1463,18,0,1,0.11811386643679345
1318,23,0,1,0.04525836646551473
466,18,0,1,0.10141397849793465
2229,8,0,1,0.06282492855467592
592,23,4,1,0.06471079819575576
1823,17,6,1,0.11624444051915395
514,8,4,1,0.112029206740208
1695,20,1,1,0.11228732335020347
1026,14,0,1,0.10972668386936607
1432,14,0,1,0.11290090452590695
129,17,4,1,0.115937417506282
935,16,0,1,0.10777505662739956
2000,17,7,1,0.10511048194489286
447,6,0,1,0.028375081078799047
1591,14,7,1,0.11108358697292042
1275,8,7,1,0.0827267169103717
315,19,4,1,0.11474421494443393
2308,15,6,1,0.09306912080721019
1687,15,4,1,0.14356425197031458
1735,13,0,1,0.11414066719466909
2269,18,0,1,0.08066890120628889
1704,8,7,1,0.07719268042883243
312,17,0,1,0.08331621025625424
1738,23,6,1,0.05305026258016621
826,18,7,1,0.10768920393409404
1352,11,7,1,0.10701509310263008
1080,21,7,1,0.08848861831001187
1611,10,1,1,0.12319357893327765
193,17,1,1,0.09855737977255896
2135,6,6,1,0.06831182841761829
1023,14,4,1,0.13648639743130603
453,19,7,1,0.10013501693527671
140,8,4,1,0.09037291897041211
341,17,0,1,0.08466350722924132
498,14,6,1,0.13618886355700954
585,8,6,1,0.11078157894381274
902,14,4,1,0.1434666093129649
405,11,6,1,0.12290511782650076
123,22,1,1,0.044292293143040395
676,13,6,1,0.14284097552793884
417,10,4,1,0.12245374179720192
330,16,7,1,0.09253432838619335
1812,22,7,1,0.07154285229466384
79,16,4,1,0.10907139626739387
1415,20,6,1,0.11551323958065424
997,11,1,1,0.12301066654703774
1352,7,4,1,0.1054630362834601
161,9,6,1,0.10639379416682615
206,10,7,1,0.08431937758534602
1448,22,1,1,0.08933710023115016
2489,19,1,1,0.06171721582468237
643,11,1,1,0.12222453461394733
320,11,7,1,0.09375507683265982
267,10,7,1,0.08380882186972771
2275,10,4,1,0.09640241657911863
354,16,0,1,0.09025529698669166
2484,17,6,1,0.07170245034379097
2187,23,6,1,0.036201467478664706
2073,14,1,1,0.12166326858064735
1003,14,6,1,0.14025724862699002
519,16,1,1,0.12802249710945074
1804,9,0,1,0.08888786939852222
326,16,7,1,0.09195363348410812
975,8,6,1,0.1149302372004351
1523,7,4,1,0.09836601826491026
598,13,6,1,0.1416239148141724
2255,18,4,1,0.10824885040353466
312,18,6,1,0.11866085709232937
722,18,7,1,0.10749522731702776
1668,22,0,1,0.0794860952944576
284,18,1,1,0.10128923301642367
1554,7,1,1,0.09830971802040589
1418,15,4,1,0.1482627679398265
177,16,7,1,0.08249317753369101
1657,18,6,1,0.12470826010285951
904,20,7,1,0.09510281815217025
61,6,4,1,0.04416945317918197
1049,14,6,1,0.14118284604842007
571,14,4,1,0.1443764635554023
1240,13,7,1,0.11996154705590623
39,20,4,1,0.07880618323364552
2263,21,4,1,0.08362330636720061
977,9,7,1,0.09213427894747173
968,6,4,1,0.07357545203387428
1169,14,4,1,0.13863833872867937
658,6,6,1,0.07826502662843837
143,8,6,1,0.09276072915869271
1630,7,0,1,0.07710077265818027
954,23,7,1,0.049706841313187256
1332,13,1,1,0.13533458041841812
1235,14,1,1,0.1312356095093486
2360,20,0,1,0.05491593163791586
1949,6,6,1,0.07292722608744184
810,7,6,1,0.11442642394761854
1410,8,0,1,0.08533765134065796
915,19,4,1,0.12452753425302743
461,21,1,1,0.09813119801693526
1434,16,7,1,0.10608098507245989
2072,8,6,1,0.10078453831735851
888,20,1,1,0.10737923018394147
1516,15,7,1,0.1208204518431657
1598,7,6,1,0.10936977545819032
1760,15,0,1,0.1161262896808527
1760,20,1,1,0.11128939287108669
201,23,0,1,0.011882215927100037
609,10,4,1,0.1329462262891643
490,17,1,1,0.12235608464311482
1004,23,0,1,0.03623878801156166
2026,7,6,1,0.09487594930539955
104,20,7,1,0.05955785401375613
2241,10,4,1,0.1021989726458209
772,12,6,1,0.14560711979324648
1814,7,1,1,0.09332167399993563
845,22,1,1,0.08696124616276779
544,15,6,1,0.13421052349991275
1921,22,4,1,0.08061865946719482
1157,12,0,1,0.1078588898844986
600,7,6,1,0.1058878868448696
2071,14,6,1,0.12415369185464281
2345,20,6,1,0.07408814562468125
71,23,6,1,0.025042357220988354
114,13,1,1,0.09178376711573988
1805,23,1,1,0.05795984117504871
1123,10,7,1,0.10081363885375372
378,6,6,1,0.0642892124755865
2417,11,6,1,0.08649322712380292
320,10,4,1,0.11464126847725792
953,14,6,1,0.14177045498928126
666,20,1,1,0.10694934465030326
2123,19,4,1,0.10836595733149368
594,7,6,1,0.1058878868448696
724,19,6,1,0.1283106205321275
228,12,7,1,0.087422707678108
1702,13,1,1,0.13308089179984245
1283,11,6,1,0.1344782143913364
2105,9,1,1,0.10040993623841493
1062,21,7,1,0.08449929511394627
2439,8,0,1,0.04807648304513068
1885,9,6,1,0.11723790478201618
1685,19,6,1,0.12149820070231926
2290,22,4,1,0.06173666797881183
592,18,6,1,0.13385678090923464
2413,10,7,1,0.06075108029791931
1529,7,1,1,0.09543006773387708
1492,13,6,1,0.13975112210238688
848,16,6,1,0.13771568086632752
2123,6,1,1,0.056303012581012335
979,19,6,1,0.13018844157246978
1664,9,7,1,0.0879607063566683
1654,15,4,1,0.14388222125822664
1161,9,0,1,0.08372294859712015
2138,20,0,1,0.07880187158750218
651,11,7,1,0.10486108298361435
1576,21,0,1,0.08940238207721007
1019,16,6,1,0.1348825486623097
2489,19,0,1,0.04865392463460627
1380,15,4,1,0.14700377074828752
953,18,0,1,0.10993444589775547
153,7,0,1,0.03787034107219123
2350,10,7,1,0.0678290429397227
2398,10,6,1,0.08685422259984821
1980,8,1,1,0.0936306887535231
113,18,4,1,0.10838564148719187
1291,13,6,1,0.1423826426319027
1160,17,0,1,0.11256093330575268
1322,17,0,1,0.11641857608523476
1389,18,7,1,0.11155281030201125
1410,6,4,1,0.080641754693355
1569,14,4,1,0.14152509368796584
230,11,0,1,0.06433935705667482
1088,11,6,1,0.1345294920103765
263,23,1,1,0.04262563064768876
1339,15,6,1,0.13816475412492946
854,12,1,1,0.13869219039790565
2313,7,0,1,0.044047250579821506
2124,19,7,1,0.09259498056897475
1107,14,0,1,0.11373122746789044
55,14,6,1,0.0880079396597605
277,12,1,1,0.11337458779541387
202,23,7,1,0.015198834085268675
2210,15,6,1,0.10659369039876959
517,16,6,1,0.1296823273129653
1883,22,1,1,0.08658538303515362
1395,8,7,1,0.0816905923338791
2194,8,1,1,0.07634600765029331
572,9,7,1,0.08717529150987147
320,19,1,1,0.09968671407867402
1715,21,4,1,0.10368968079318325
1590,18,0,1,0.12181526015479266
551,12,0,1,0.09723807442131532
2442,13,4,1,0.08893723315030111
1605,20,6,1,0.1061340986402764
1526,9,1,1,0.10929092840153914
2033,14,6,1,0.12591758720946172
2462,9,4,1,0.07195857309839249
1766,13,4,1,0.13540367902913658
921,21,6,1,0.10741921430106705
1979,11,4,1,0.1266073975411614
847,15,4,1,0.14942695329660866
1133,8,6,1,0.11881612589181129
1837,13,7,1,0.11670432059037256
1811,20,7,1,0.10128986306644272
419,21,4,1,0.10081060283756466
2168,16,4,1,0.11869498308024234
526,15,4,1,0.14726311025716604
1000,9,4,1,0.11673827336711778
1983,23,6,1,0.04723239268183588
1034,22,1,1,0.08918991350516703
246,13,7,1,0.09063562481272658
273,7,0,1,0.04652970972164039
717,11,1,1,0.12256015645600637
1986,11,4,1,0.1266073975411614
1254,8,1,1,0.09979612877288052
921,6,7,1,0.04652142924970504
2331,20,4,1,0.089511355228721
1069,17,0,1,0.11230719779832699
1462,22,7,1,0.07463814635510657
1905,18,4,1,0.13195198000500097
804,12,0,1,0.10938056061349016
1802,19,0,1,0.10608908000821615
1254,15,0,1,0.11268948096640363
773,12,6,1,0.14560711979324648
1674,14,7,1,0.11541747619844678
1093,13,1,1,0.13137440659198502
650,18,0,1,0.10462037599225765
2098,16,1,1,0.12188175898360326
985,14,6,1,0.14229059741053002
527,8,4,1,0.11137502470304544
1416,23,4,1,0.06232110988157269
604,11,1,1,0.1191828991574741
1314,20,7,1,0.10095800860605358
2124,17,0,1,0.09986962876483518
1001,18,7,1,0.1092665319867539
2445,12,4,1,0.08804798248385715
334,12,0,1,0.08574817412409474
646,6,0,1,0.026278136883873815
1724,14,1,1,0.13687353511015754
1240,8,7,1,0.08126209435836096
1106,22,4,1,0.08307838344611684
961,20,1,1,0.10700640786772081
556,20,7,1,0.08432255718326942
2041,13,1,1,0.1203610629596219
380,20,4,1,0.11380793337663281
1361,19,0,1,0.10874219083703146
504,20,6,1,0.1086598335743672
965,13,6,1,0.1418614199420532
1027,22,6,1,0.09337218159669702
2071,18,0,1,0.10155737848276858
313,15,1,1,0.11558769625998161
999,21,1,1,0.09885529588138414
172,16,4,1,0.12228804305345997
1955,6,6,1,0.07257378090465105
1674,12,0,1,0.11979832353952324
504,16,0,1,0.09884979654341114
2358,7,0,1,0.03836806001068638
2078,15,6,1,0.11994098224029093
1344,13,1,1,0.13533458041841812
320,7,4,1,0.08601001189262292
1766,19,0,1,0.10485263339604295
1006,12,4,1,0.14293616688413247
163,23,4,1,0.03860537511431561
708,11,4,1,0.1404098173265878
1309,9,6,1,0.12325737532098713
1226,13,0,1,0.11191830032542355
179,20,4,1,0.09543101559910178
1840,11,4,1,0.1295051530222185
799,16,7,1,0.11103698446401339
1868,10,4,1,0.11787429847567443
1309,8,1,1,0.10218038775313931
2021,7,7,1,0.056572577822464276
2208,7,6,1,0.08184294577448537
720,6,7,1,0.04274547751257085
738,13,0,1,0.10683145466815397
360,11,7,1,0.09534083564459483
1007,16,6,1,0.13409114070627642
1614,20,4,1,0.11579189985812238
2391,23,1,1,0.022582201045173278
1327,16,7,1,0.1098547221326659
2288,15,1,1,0.09548965667667142
442,19,7,1,0.09967274259172082
2289,18,7,1,0.07183959425805286
1888,11,7,1,0.10156169024604517
838,17,4,1,0.14307027741106432
314,21,7,1,0.05891975821767825
1940,20,6,1,0.10390623750024763
930,17,0,1,0.10786069196902937
824,9,0,1,0.08173310880279971
601,14,6,1,0.1416468319691438
2169,14,7,1,0.09638009298418487
1285,10,1,1,0.11966012675906207
759,21,6,1,0.10507091985683026
2161,15,7,1,0.09238969017763876
2119,17,1,1,0.11261269064729867
219,22,6,1,0.05726235056033013
2490,10,0,1,0.046074850665679956
1785,23,7,1,0.04456578104741282
882,22,7,1,0.06960608015142422
841,10,6,1,0.1363438149668844
361,15,7,1,0.09792474020120201
892,19,6,1,0.13220240610402223
851,18,7,1,0.10937567309842305
755,11,0,1,0.09781420806191815
689,11,6,1,0.13795982176631572
982,10,6,1,0.13144752497606893
1708,6,0,1,0.0366475869729872
1243,10,0,1,0.09190236762629489
2307,6,0,1,0.019007538163549387
1246,18,6,1,0.1362353722141862
141,17,7,1,0.07641967584485931
1673,8,1,1,0.10587313389504333
1118,7,6,1,0.11213129896034718
760,9,7,1,0.09211828132806255
1655,16,1,1,0.13222898169796554
2268,21,4,1,0.08362330636720061
2373,11,7,1,0.06836073933421849
376,20,7,1,0.08353831730752515
2462,23,0,-1,-0.0018526466060745372
516,23,7,1,0.038681026846402955
1749,13,1,1,0.13512210064151003
2283,12,1,1,0.09876936003784698
1405,12,6,1,0.1404888241974533
1162,17,6,1,0.13010000334536254
191,19,7,1,0.08504982289234497
2358,7,0,1,0.03836806001068638
162,8,6,1,0.095040489905311
349,10,6,1,0.11408912265352283
2089,15,0,1,0.10244215663753908
1667,8,7,1,0.08085313244135806
2396,14,6,1,0.08862523790208499
936,14,6,1,0.14203872820363966
235,23,7,1,0.022983550786029983
1392,20,1,1,0.11355774457375123
587,19,1,1,0.11215151119797878
2233,16,7,1,0.0788389139230824
1126,10,4,1,0.1298962178918353
225,13,6,1,0.11601711742929893
2472,19,7,1,0.05721579621389461
1248,11,4,1,0.13635180374259964
1408,20,0,1,0.09978011853433727
1915,19,6,1,0.11675764570930125
2233,9,7,1,0.06820721384968964
1106,10,7,1,0.1026088764996661
2351,19,7,1,0.06881630898783653
2481,10,6,1,0.08392340144011046
340,14,4,1,0.13219724903840208
1349,10,7,1,0.09711312790790905
986,17,7,1,0.11196014474553939
509,20,6,1,0.1086598335743672
2233,8,4,1,0.08174752546020625
385,19,7,1,0.0950669787113696
1983,18,1,1,0.11376567451323638
1842,21,7,1,0.09144285324477341
1876,19,7,1,0.11176650553854711
491,9,6,1,0.11925779598918129
457,17,0,1,0.10058186654637513
432,21,6,1,0.09053415113736685
806,23,6,1,0.06837380632090984
1940,19,0,1,0.09432642248203371
1967,12,7,1,0.10294116551819038
1814,22,7,1,0.07111454537650808
1416,18,0,1,0.1165845031042938
966,21,7,1,0.08389825721032873
818,8,0,1,0.07592807742598551
1981,10,4,1,0.11460888390636609
1699,17,1,1,0.12626276593512736
1753,15,7,1,0.11330162450548253
321,18,1,1,0.1043678182755482
1182,19,4,1,0.12088356127943872
1306,18,0,1,0.11827133702879983
1539,20,1,1,0.11268984645161872
615,18,0,1,0.10428991398374465
1419,7,0,1,0.07198258168994731
1486,19,1,1,0.11176946678328903
224,7,7,1,0.04980134584727214
1155,9,6,1,0.1202815813480414
618,13,6,1,0.14363212263762415
1632,11,6,1,0.12664795048608224
1648,6,7,1,0.05266451913036063
1619,7,0,1,0.0777505403777804
546,17,7,1,0.10116681529963528
1722,8,7,1,0.07689609160972677
781,17,7,1,0.11360898181996804
1071,8,7,1,0.08021446428078749
2174,18,7,1,0.08780025089698451
255,17,6,1,0.11636895298320632
1402,11,7,1,0.11026025360345038
2426,6,0,1,0.012805211685240181
1251,9,6,1,0.12150275496499291
1686,20,7,1,0.09639117476303555
2427,12,0,1,0.06839786762787625
1430,18,6,1,0.12773850314387208
2085,13,4,1,0.12302468815755607
787,12,6,1,0.14573997514510778
998,18,7,1,0.1092665319867539
1079,15,6,1,0.1387127103173224
95,11,0,1,0.044130748709064416
2347,22,4,1,0.06011117163790913
2310,15,1,1,0.09102650553538172
1576,22,6,1,0.07874541199538077
2482,16,0,1,0.0661823710093069
2409,21,0,1,0.04090187047696614
290,20,1,1,0.09415478835377977
711,18,4,1,0.13789120900211743
1793,11,4,1,0.12821999856310262
571,17,7,1,0.1022463015157194
2460,12,0,1,0.06735895250525614
496,18,1,1,0.11626917624203575
608,17,6,1,0.1344515373770444
1152,23,0,1,0.03314331381115165
1645,18,4,1,0.13577746063460278
1040,6,7,1,0.0539795506445615
641,20,7,1,0.08776631016413028
2287,21,7,1,0.05158042097549864
2415,7,6,1,0.0633597771898563
1459,12,4,1,0.1413273869254173
599,8,7,1,0.0798245254666764
325,9,7,1,0.08012507579624828
1733,13,0,1,0.11474289495846368
1258,22,6,1,0.09111004479538332
1074,6,7,1,0.05030568255410295
2315,11,1,1,0.09016440943235182
1379,23,1,1,0.05540993232237723
315,7,0,1,0.050056833391032396
1586,19,7,1,0.10259185283970185
891,22,6,1,0.0884792939547221
1486,22,6,1,0.08324780125383335
1336,18,0,1,0.12022635962530215
821,18,6,1,0.14218582832980586
24,19,4,1,0.08614349731493243
245,15,0,1,0.08023820242035262
1776,17,0,1,0.11770876986096351
2106,15,4,1,0.13188715952302832
1258,17,1,1,0.1259412586352212
1309,12,4,1,0.14086780898970103
515,7,4,1,0.10008208520150164
1013,20,6,1,0.12096371675446366
13,6,1,1,0.027467568902885486
31,12,6,1,0.09068562909162803
1764,9,0,1,0.0877706356652882
706,15,1,1,0.13420138524124864
1435,15,4,1,0.14695255643289046
1165,8,4,1,0.1103856790371206
972,10,4,1,0.13039813833828218
1052,19,1,1,0.11274261874386637
355,19,7,1,0.09302524074480667
1709,18,0,1,0.1225653606491186
2169,23,7,1,0.025114520918746663
50,9,1,1,0.05905465969000434
337,17,4,1,0.1279853432962046
2307,10,6,1,0.096295639502814
1455,18,7,1,0.1059621948170153
1324,12,1,1,0.1341611299877457
937,13,4,1,0.14102218994638216
1143,11,6,1,0.13156404545030442
2269,19,0,1,0.06933548416667379
2402,20,0,1,0.05311402446364355
1353,12,1,1,0.13544037779768425
762,13,1,1,0.1402562310062755
180,9,6,1,0.10801608099764759
1009,10,7,1,0.10095546340155426
214,12,6,1,0.11075156735933661
2122,12,4,1,0.11995693834326632
826,7,6,1,0.11427178792076886
379,15,4,1,0.1417434624308207
1354,10,6,1,0.1274575890675152
460,14,1,1,0.12938796005584696
2297,7,7,1,0.03379500509466726
1321,10,7,1,0.09805777874456123
1410,19,0,1,0.1043476724644668
1897,10,0,1,0.08930198960749358
1294,13,7,1,0.12058765551833306
141,7,1,1,0.061288508564082855
947,6,6,1,0.07790837433751785
1458,7,4,1,0.10439602518824054
741,16,4,1,0.14929950174345408
202,12,7,1,0.08605489947147094
2240,22,7,1,0.04115974468518446
483,23,7,1,0.03795923664980472
1787,23,1,1,0.05681610860221642
1888,16,0,1,0.11489497197379073
2140,15,0,1,0.09553833849944893
1536,21,1,1,0.1001367145220638
320,8,1,1,0.08260425692024242
418,14,0,1,0.09837032731389056
1477,19,4,1,0.12499670100931765
551,6,7,1,0.03895659535077933
1371,13,1,1,0.1345339016350598
1692,8,0,1,0.08704711974777213
1257,20,0,1,0.10244859016924784
1082,21,1,1,0.10203821182777217
511,14,1,1,0.13176583855889623
1728,23,6,1,0.05194882280065405
167,8,1,1,0.06752860962235385
320,19,1,1,0.09968671407867402
1986,6,1,1,0.061879438266409736
738,9,6,1,0.12906091143051202
1920,22,4,1,0.08061865946719482
371,9,7,1,0.08011308555782903
1923,12,1,1,0.12868253128476786
1257,16,1,1,0.1296209849678921
1691,19,0,1,0.10670512542372046
1324,11,4,1,0.1369656054543374
583,9,7,1,0.0894765494476828
2365,20,1,1,0.07059243281789218
145,13,4,1,0.11858149714681726
733,14,7,1,0.118619627870853
771,8,0,1,0.07775419103448555
1820,12,4,1,0.13063765958313384
1714,20,7,1,0.0977404285738846
167,19,0,1,0.056093534341451146
189,7,0,1,0.043210335332161565
827,22,0,1,0.06055586487459497
1256,10,0,1,0.09207739667467796
355,19,7,1,0.09302524074480667
636,14,6,1,0.14192136106551473
1456,17,4,1,0.14057371652812656
2457,21,7,1,0.03334055935994418
888,17,7,1,0.11507672422918702
1643,9,7,1,0.08639148319334566
599,17,7,1,0.10523527068748595
932,9,7,1,0.09312503590217214
27,23,6,1,0.024270387284166195
1741,14,6,1,0.13253371136130793
2344,20,6,1,0.07408814562468125
203,19,7,1,0.08635706354195216
68,14,0,1,0.05757342246051789
577,22,0,1,0.055506787918171874
1245,20,1,1,0.10974190717853566
2008,15,0,1,0.10935963607990373
844,13,6,1,0.14686586409215263
699,14,1,1,0.1359784243781288
508,21,4,1,0.10416981541663767
2114,8,6,1,0.0962748087392229
818,6,7,1,0.04469248333493814
1718,16,7,1,0.1049475793503129
2288,16,4,1,0.11386870598219156
1059,14,7,1,0.12135323634684231
543,19,0,1,0.08957116215087613
1314,7,0,1,0.0741469516483877
461,20,1,1,0.10876390410883863
476,23,4,1,0.05798709529927204
2366,12,6,1,0.09539537647481189
659,19,0,1,0.09420737548157543
1103,16,4,1,0.14055914474384795
567,16,4,1,0.14827463777174632
1974,12,6,1,0.12487148470977771
693,15,7,1,0.11545566139432883
2066,13,7,1,0.10131891748657673
1657,7,6,1,0.1117438919827824
157,21,7,1,0.04657584714911689
1353,6,4,1,0.08076455377860647
233,22,7,1,0.038264573643064015
1385,18,4,1,0.13864677551249321
873,10,4,1,0.1337986888465298
194,6,1,1,0.044156484121279704
2427,19,6,1,0.07583172707340091
1627,12,4,1,0.13510886533084177
2106,13,7,1,0.09730023256410103
2055,7,0,1,0.06466511872948744
2001,6,0,1,0.03241947779462706
747,10,7,1,0.10087577770022804
633,10,4,1,0.13506914860733293
2399,8,6,1,0.0723309483279968
1652,7,1,1,0.09826219020603855
852,12,4,1,0.14836701402718577
1614,16,6,1,0.124072010420127
1187,15,1,1,0.13077841573896998
914,12,4,1,0.14824747309714698
1896,17,7,1,0.10511005301067122
2367,8,1,1,0.05768161489779733
1528,11,7,1,0.10367337583802005
1824,13,7,1,0.11386578920662577
2357,21,6,1,0.06534049867681124
1523,15,1,1,0.13305790713980814
2441,6,1,1,0.03679917770215946
1275,20,7,1,0.10174454418060774
1312,16,0,1,0.11703323118069497
175,10,7,1,0.08238186502424527
379,11,1,1,0.11306321594608759
2478,15,7,1,0.052136822037066266
251,21,6,1,0.08242081398136969
809,13,6,1,0.145900734989575
47,8,0,1,0.030186142963887108
1923,7,7,1,0.06066574586657081
653,16,4,1,0.14997846850383245
2107,18,7,1,0.09404465935197837
1049,15,0,1,0.10890335223425451
749,17,1,1,0.12860288704030154
38,18,0,1,0.050325065520015366
632,13,0,1,0.1064506931849612
474,7,6,1,0.0994683355990364
548,15,4,1,0.14902948468912275
1810,21,4,1,0.10503135911225575
304,15,6,1,0.11717691755579068
387,19,1,1,0.1062748179063363
742,8,4,1,0.11592857990272509
117,9,4,1,0.09514822441553694
1575,22,0,1,0.07858033096775086
723,19,6,1,0.1283106205321275
1275,16,4,1,0.141496503711178
222,8,0,1,0.05348287342545477
1109,8,6,1,0.11762005869247688
415,9,6,1,0.11650209800358091
2017,20,7,1,0.09025434727405701
1300,21,6,1,0.10493875216816467
342,13,4,1,0.13211485306167764
550,14,1,1,0.1335824888067788
1521,16,4,1,0.14141424258160162
2149,10,7,1,0.08562421961046696
1885,17,0,1,0.11250388781481457
326,10,1,1,0.10053684212805064
779,21,0,1,0.06959876622234351
426,23,4,1,0.05561724262254586
2395,12,4,1,0.09362328088498295
322,12,6,1,0.11932692707064674
1109,15,6,1,0.1384042220579048
1483,22,0,1,0.08051489154853642
1643,10,1,1,0.12432307936526998
30,6,1,1,0.02984672331749849
1310,18,4,1,0.13447840513639564
2000,16,6,1,0.12047628049199605
1082,9,6,1,0.12674662987443175
1680,10,6,1,0.12557039544602555
936,18,7,1,0.11131172670740924
1910,12,0,1,0.11310671963153623
2297,9,4,1,0.08457532394954714
2181,22,4,1,0.06756261933022945
1681,6,6,1,0.08151107837624105
1739,11,6,1,0.12623626774410113
1347,20,7,1,0.09687537741549179
835,12,4,1,0.14706888613402486
1050,11,0,1,0.09756126552815464
2446,19,7,1,0.05995965995321462
1198,21,1,1,0.10282139412377411
241,8,0,1,0.05436755475130117
916,6,6,1,0.07681356097752534
2497,21,0,1,0.03497813114365411
1700,14,7,1,0.11395006163284943
1955,23,0,1,0.031996574783905274
994,11,6,1,0.13472917024668157
808,12,0,1,0.10872279207485142
1945,14,7,1,0.11207662891315223
1282,19,0,1,0.10725707481071667
1334,23,4,1,0.05659315910120133
1040,13,7,1,0.11867155457724954
2055,23,0,1,0.028310855767374354
2358,14,1,1,0.08650337347808057
972,18,6,1,0.1410226781459477
374,17,4,1,0.13669880736077367
2467,8,7,1,0.030417685917880855
1551,16,4,1,0.14171168774869525
1853,8,1,1,0.10111744387438482
419,18,4,1,0.1300225274349508
346,6,4,1,0.05885404800827165
1839,10,6,1,0.11980491709029523
1674,7,7,1,0.0681628975859413
524,19,0,1,0.09093757060562424
1671,7,6,1,0.1135608607607479
578,13,4,1,0.14273850141150962
91,16,0,1,0.05521524059502769
121,22,1,1,0.043842114604199844
636,22,7,1,0.06093989257613297
466,14,1,1,0.12938796005584696
1114,21,7,1,0.0876508364089491
79,6,7,1,0.01899093170835442
248,19,0,1,0.07152021816268683
14,19,6,1,0.07872204122847704
1402,14,7,1,0.12705689057872555
2282,14,4,1,0.11348227862081778
832,13,1,1,0.13703988451551763
718,22,6,1,0.08709705926936628
1228,8,7,1,0.08126209435836096
1112,15,7,1,0.12255294575540387
1883,18,0,1,0.11359246817796337
217,20,1,1,0.08521891571872398
601,17,6,1,0.1344515373770444
1056,12,1,1,0.133424372492277
2055,18,0,1,0.10246044708870433
1460,10,0,1,0.09247611840504077
1720,8,6,1,0.11440397200731306
183,13,4,1,0.12076665716853968
1045,18,7,1,0.1105935582380484
1268,13,0,1,0.115046974723584
2332,23,1,1,0.02486690073434128
475,17,7,1,0.1037334430989797
922,18,6,1,0.1406765923542716
2268,22,0,1,0.04219976512266044
388,23,1,1,0.05370642549684779
1195,14,0,1,0.11319512683660826
2479,9,7,1,0.04449268269341611
1390,12,4,1,0.14390615010940022
1198,19,1,1,0.1127608869596492
1637,19,0,1,0.10967683657384741
244,20,1,1,0.0919943709211769
808,23,6,1,0.06837380632090984
640,12,7,1,0.10830198257894025
1360,8,1,1,0.10196831436485893
28,12,6,1,0.09068562909162803
398,12,6,1,0.12572064354725004
1605,20,1,1,0.11203484975472833
1098,14,7,1,0.12601953173819408
916,19,6,1,0.1312617892565382
1444,19,1,1,0.11323935293761966
200,7,1,1,0.06605890857834884
409,11,6,1,0.12290511782650076
1519,18,0,1,0.11889906970891939
180,21,1,1,0.07397499422637333
633,18,4,1,0.13636401818591454
1580,21,1,1,0.0991249075553251
1677,19,7,1,0.10667107459670022
2173,6,0,1,0.026388679978732954
38,11,6,1,0.0913230401527958
139,8,7,1,0.058241350261485136
172,15,4,1,0.12254594733693752
1609,22,4,1,0.08299592395640976
1153,18,0,1,0.11660021245143626
1151,23,1,1,0.05398318745063191
2352,7,4,1,0.06312468153542639
766,17,4,1,0.14601863122394287
1905,9,7,1,0.0839289967001825
488,22,0,1,0.05579030344147862
356,9,4,1,0.10639742951313291
1041,7,4,1,0.10283785509301824
210,12,6,1,0.11075156735933661
2352,7,1,1,0.04896870196302705
2014,22,1,1,0.07718451256020342
164,10,4,1,0.11059895383807328
1012,11,4,1,0.1376757674860809
2396,17,1,1,0.08176354399987928
1317,15,4,1,0.14551714755348516
953,12,0,1,0.10966357402690963
1591,21,1,1,0.10013861404219854
1070,21,4,1,0.10051822744566774
536,11,7,1,0.09990827185634926
1310,11,4,1,0.13727549874480394
1651,6,1,1,0.0715781068497715
2404,16,4,1,0.10150177390991871
328,16,6,1,0.11418191369301806
1187,23,6,1,0.05654518888655735
1457,14,6,1,0.1381001957478769
10,8,7,1,0.04226583939234452
995,6,4,1,0.07225328582843404
2120,21,1,1,0.0808975746104148
1786,11,4,1,0.12821999856310262
524,15,7,1,0.10979343552268628
492,7,0,1,0.05804511324242745
1755,11,4,1,0.1294894070625336
1651,12,4,1,0.1346423312988299
284,17,7,1,0.09174097230673828
478,22,6,1,0.07207101886841638
1347,14,0,1,0.11886830502452822
1160,21,1,1,0.10096378152787655
1242,18,6,1,0.13513850833919583
1284,23,7,1,0.048882954437648674
1967,22,6,1,0.07519091120725463
1280,8,4,1,0.11148914959889006
756,19,0,1,0.09553098042969116
1464,22,0,1,0.078351588096773
1108,22,7,1,0.07096097758120967
2470,12,1,1,0.07843622039681464
361,6,6,1,0.060678598956898644
91,22,7,1,0.025404864253592008
1430,7,6,1,0.11130475490275549
115,7,4,1,0.07169512553141866
2482,12,0,1,0.06399658775696238
1097,6,4,1,0.0793488043027718
1021,23,1,1,0.05893182772914063
453,20,7,1,0.08876417998447894
1515,10,4,1,0.1248474345347041
1509,17,4,1,0.14179876350346587
631,11,7,1,0.1037846112315492
982,6,6,1,0.07703976348994823
1169,9,6,1,0.11936890215515567
1597,14,4,1,0.14137525602080797
209,21,4,1,0.08266881760121148
1390,15,1,1,0.13256817447178915
1829,23,0,1,0.043775820916942765
1811,17,1,1,0.1269130035019556
1210,18,7,1,0.110339559919999
664,21,6,1,0.10245657559005106
262,17,1,1,0.10559370425688591
923,10,0,1,0.08842746662935042
617,12,7,1,0.10798027968827861
1950,12,1,1,0.127718859252963
2343,8,1,1,0.056878317706831605
797,19,4,1,0.1271601193596827
1150,18,4,1,0.13335545471779908
2145,11,0,1,0.09272605785214627
1193,22,6,1,0.08767435106136334
1473,10,6,1,0.12544796702900984
560,7,6,1,0.10322139510019274
1688,6,1,1,0.0690668462530607
135,19,0,1,0.053005099832699965
820,20,6,1,0.11781399727314196
1612,19,0,1,0.10755181009578463
694,10,6,1,0.13431027227399644
1400,21,4,1,0.10564407576868406
183,17,6,1,0.10844620615003459
1898,12,1,1,0.1286565738924818
2478,13,0,1,0.06427493827785469
2010,19,6,1,0.11475658172975822
1390,15,7,1,0.12372037646363526
274,6,0,1,0.020934793205607205
1052,18,0,1,0.1148702321675178
2352,14,7,1,0.07280942882307195
1374,10,6,1,0.12796024086894897
390,18,4,1,0.1308216356482662
2305,6,0,1,0.019007538163549387
1335,7,1,1,0.09374542555636811
1829,20,0,1,0.10256973311903994
1258,20,6,1,0.11967697248290743
1730,21,0,1,0.08840337147099075
2154,23,7,1,0.028408612089918517
581,11,1,1,0.12067928098461117
784,11,1,1,0.1273356606551208
22,23,1,1,0.018251917441148402
797,18,7,1,0.11078233790592329
208,18,1,1,0.09145051564434203
1149,12,1,1,0.12949540211917465
1170,23,7,1,0.04521608402142019
1138,19,1,1,0.115582664348656
1136,20,4,1,0.11748743144576157
2289,16,6,1,0.09323737653245312
1907,6,1,1,0.06447793501688648
769,16,6,1,0.1373968987822604
1727,7,6,1,0.10983528643241336
696,12,7,1,0.11103873629364891
112,6,1,1,0.03474083006250128
1035,19,4,1,0.12206567782540545
423,23,6,1,0.05219751684627949
1219,6,7,1,0.053471723909639834
560,6,4,1,0.07434231577167749
2127,20,6,1,0.09598149717602772
765,8,6,1,0.11939999561600073
245,18,1,1,0.09934876631989237
1349,23,4,1,0.0573214203272554
1961,16,7,1,0.10321947499621309
1765,20,7,1,0.10020907017479419
1444,6,6,1,0.0831947333951989
1170,8,0,1,0.07959765827470655
2379,8,0,1,0.05167857191691505
406,19,6,1,0.1143941380824956
1167,8,0,1,0.07959765827470655
1732,13,1,1,0.13459060979933074
1636,21,7,1,0.08582092978015332
67,23,4,1,0.02922596053748594
82,10,6,1,0.0946484566110265
1417,7,7,1,0.06949383929856756
1589,15,7,1,0.1097442779791597
397,22,6,1,0.06992869877179686
1108,17,4,1,0.14031703272546642
253,18,6,1,0.1185477182083326
1654,6,0,1,0.0380538833000762
2032,20,1,1,0.10149511339790968
1721,12,6,1,0.13017346539130525
1951,16,7,1,0.10461783141697167
1352,9,4,1,0.11417211307587555
2004,13,0,1,0.10451045633612444
2033,18,0,1,0.10647987820685151
1105,17,1,1,0.13009686858436081
488,10,1,1,0.10955969158600964
1839,22,7,1,0.07194911132833004
2224,11,6,1,0.11160894806182237
1444,8,7,1,0.07880677262116631
1348,8,1,1,0.10237102870150872
2250,11,7,1,0.08143909961965623
978,12,0,1,0.11128397347826757
1768,13,4,1,0.13540367902913658
152,16,1,1,0.09190949134177517
244,11,4,1,0.1158574163945365
413,20,7,1,0.08536672266999257
2054,11,7,1,0.09620648428528816
1981,16,4,1,0.13489560544579543
854,8,0,1,0.07876337268720224
448,15,7,1,0.10737483169960055
2484,23,1,1,0.015332237734548282
255,18,1,1,0.0996841020409629
1862,6,6,1,0.07314702388747385
1018,14,7,1,0.12232716353373435
105,10,0,1,0.040236885875849615
1471,12,7,1,0.11479198355197084
1590,22,7,1,0.06606985042445879
52,17,6,1,0.08853957986232375
2083,11,1,1,0.1209470583441481
2161,20,1,1,0.09237399369058918
1742,10,4,1,0.11805694624726687
403,12,6,1,0.12514342942437934
1917,23,0,1,0.03611420683142086
466,16,1,1,0.12721107944729132
775,23,1,1,0.06110360179901908
2092,8,0,1,0.07562854345096681
2033,17,1,1,0.11943977388708049
1044,21,7,1,0.0881850321155504
1134,22,0,1,0.06929970427112275
1555,17,1,1,0.12868351880883983
2057,11,1,1,0.12162879528758203
1241,11,6,1,0.13403463867306115
2421,17,0,1,0.0675941491819565
384,14,0,1,0.09615149197800127
491,8,7,1,0.07296652090803668
210,17,6,1,0.11053234046154398
309,20,1,1,0.09491087842434742
1859,13,4,1,0.13360646856021152
2493,21,0,1,0.036113982401046685
2270,21,1,1,0.07137414152319721
1033,13,4,1,0.13457381783024835
1885,15,1,1,0.12741581871713137
2323,9,1,1,0.07058453160368838
995,15,7,1,0.1212008852861653
2305,20,0,1,0.06463812246017298
342,12,7,1,0.09617262111689717
793,23,0,1,0.03034818656633187
1813,7,6,1,0.10479270389793066
2405,14,6,1,0.08862523790208499
1677,19,0,1,0.10889718929565328
1908,12,1,1,0.1286565738924818
414,13,0,1,0.0961475498014282
260,10,1,1,0.095403371058292
177,13,1,1,0.1040086517636511
1890,21,7,1,0.09056759835126549
1183,16,1,1,0.12874562577470122
1895,16,7,1,0.10618848619478999
352,8,4,1,0.0978920654557715
64,8,4,1,0.08270737127522232
669,8,4,1,0.11741590878779751
793,18,4,1,0.13707932291377112
1878,17,4,1,0.13559795029313443
1682,7,4,1,0.09535243142586647
111,22,6,1,0.04684872357654135
479,12,0,1,0.09657792241507551
1568,6,1,1,0.07159612920339475
1906,10,0,1,0.08930198960749358
654,23,7,1,0.04459235486248103
715,17,0,1,0.1007460556310984
815,23,0,1,0.03253151119813158
985,16,0,1,0.10935300405465326
598,21,4,1,0.10622516898489298
1796,10,6,1,0.11996841450954532
390,22,4,1,0.07748068156707444
241,12,4,1,0.12579865199423873
2082,21,6,1,0.09270090724124924
298,8,7,1,0.0689121668974847
2397,16,4,1,0.10379689725942953
1519,11,7,1,0.10508947166474636
1761,13,1,1,0.13418741608865814
756,17,7,1,0.11412660017275283
2401,14,6,1,0.08862523790208499
293,22,1,1,0.0645770080582031
2197,13,0,1,0.09239382285642517
743,15,4,1,0.15009252105897902
608,10,6,1,0.13197470935757138
1068,21,0,1,0.0799909412072225
1709,21,7,1,0.08705715532116653
1291,6,1,1,0.07000537000344487
2124,16,0,1,0.09951641172240006
2316,20,6,1,0.07484497303483284
1061,22,6,1,0.09096912623015951
1016,14,7,1,0.12232716353373435
2123,13,6,1,0.11640672990193601
1925,11,0,1,0.10583194831677761
2319,12,6,1,0.09709334336120923
563,7,0,1,0.058217455335160984
1719,16,1,1,0.1317516416778331
828,16,4,1,0.14707117018151
1028,10,6,1,0.13232729422920947
1333,7,4,1,0.1051316118332209
1453,17,0,1,0.1136612581096148
1403,11,6,1,0.13653175005315998
269,10,0,1,0.06311475696673707
1641,11,1,1,0.13064240411042294
1402,17,6,1,0.12946720807340356
1892,7,4,1,0.09184156672506394
660,21,7,1,0.0777032502359647
610,6,4,1,0.07728823333055179
1925,14,1,1,0.13012901515729303
1505,20,7,1,0.10169940524857723
897,18,0,1,0.10911467758074372
2410,13,6,1,0.08443285861284788
1349,12,4,1,0.1423371210349651
2263,19,7,1,0.07491077364023424
1385,19,4,1,0.12604405756816922
1886,7,0,1,0.07031114914434111
1441,11,0,1,0.10339784717880235
1715,21,0,1,0.08780340472120318
2094,13,7,1,0.09833671000441979
1737,7,1,1,0.09545111510130183
1213,6,0,1,0.03573596787389388
2351,18,4,1,0.09833391012945075
1070,12,1,1,0.13273428097783513
1394,14,6,1,0.14283713794240815
916,14,1,1,0.1341034676257103
1708,18,1,1,0.12340121522623987
138,8,4,1,0.0913458835994202
1673,14,7,1,0.11541747619844678
2138,20,0,1,0.07880187158750218
350,14,1,1,0.12163935528268427
2068,16,6,1,0.11436997141779476
1065,18,1,1,0.12261369759770224
439,12,7,1,0.10059443157607845
1304,8,1,1,0.10083316287284677
2030,19,1,1,0.10121534361762397
1384,10,4,1,0.12804231339181993
238,15,7,1,0.09083802139155239
25,21,4,1,0.06504028531840933
2258,16,7,1,0.07795623968068444
1466,6,1,1,0.074709396566364
610,8,6,1,0.11549884765199087
774,21,1,1,0.10012706584979258
394,10,7,1,0.0880934728413929
2237,22,7,1,0.04115974468518446
1514,13,7,1,0.12026619291684482
221,16,6,1,0.10913142421220007
2085,17,7,1,0.095046649334254
1677,8,0,1,0.08896072088968865
892,14,4,1,0.1434666093129649
1454,11,1,1,0.1301727974680632
52,19,4,1,0.08707362291533571
1843,18,1,1,0.1232705589364338
1283,19,6,1,0.12757376010373916
472,20,4,1,0.11598997526814875
1191,15,7,1,0.1198558399154594
806,11,1,1,0.1273281704413734
518,17,6,1,0.13058618879465173
2188,18,6,1,0.09833733271460637
1794,20,6,1,0.10751653066325789
833,13,1,1,0.13703988451551763
1291,16,7,1,0.11130617424908806
907,22,1,1,0.0843776790350319
1474,14,7,1,0.12051665009528745
1956,14,4,1,0.13350237622627997
1534,20,1,1,0.11268984645161872
94,14,4,1,0.11194745089097252
600,22,4,1,0.08297662662586058
412,20,0,1,0.08090935309323499
1984,6,1,1,0.061879438266409736
138,17,7,1,0.07641967584485931
2292,11,6,1,0.10103108942689792
1174,12,4,1,0.14216431767230692
349,9,1,1,0.08919938991227572
1981,12,7,1,0.10322470108536314
1675,7,6,1,0.11388658402540602
2254,21,7,1,0.060293313397360104
717,10,6,1,0.13488727182204424
51,21,4,1,0.06600897391829363
363,11,1,1,0.10992052987092243
1612,23,7,1,0.03755807857750737
1418,7,1,1,0.09733063674983711
851,10,4,1,0.13474641265816845
919,19,1,1,0.10818781721495074
821,9,6,1,0.13007370592974404
743,10,6,1,0.13554045124577185
974,16,6,1,0.13491830694565599
1831,18,6,1,0.11912248770291833
697,15,4,1,0.15068734972426046
495,14,7,1,0.11256186419373815
738,7,1,1,0.08495524533474774
2169,9,7,1,0.07413499990525785
78,20,6,1,0.07128839314117486
2423,12,4,1,0.08994568034294004
2276,6,0,1,0.01822739654715111
1518,14,6,1,0.1378362539659016
2397,12,1,1,0.08205478694070423
643,14,1,1,0.1369877420868313
1864,22,7,1,0.0718442314719745
1319,14,7,1,0.12710251775375864
2406,11,0,1,0.06680685053860236
2229,23,6,1,0.031174415707782455
1042,7,1,1,0.08479207878561423
1185,22,0,1,0.07185247623473379
1934,10,1,1,0.1155280206697385
2227,17,0,1,0.0893365837420812
303,19,6,1,0.10832681272824579
2360,8,7,1,0.04238705501687601
1383,13,0,1,0.11276263849285556
1648,7,6,1,0.1117438919827824
347,12,7,1,0.09617262111689717
1725,12,4,1,0.13274677445237842
975,9,7,1,0.09213427894747173
2133,20,6,1,0.09612471081292867
286,7,6,1,0.08949680284364248
856,14,1,1,0.13654718280488892
2357,12,4,1,0.09747199168757564
950,11,7,1,0.1080641193910335
77,17,6,1,0.09419708131679938
2422,22,1,1,0.046684080141520035
473,19,0,1,0.09372165328349524
2449,16,7,1,0.055457250818576775
1567,19,7,1,0.1054364842699953
1876,6,7,1,0.04827923906068032
1189,13,7,1,0.1204993559981758
1368,21,0,1,0.0903698117181313
251,6,6,1,0.059167412506412
2279,7,1,1,0.0571346723741728
791,20,7,1,0.09344442811316633
761,14,4,1,0.14636304070404882
1527,20,1,1,0.11268984645161872
298,9,0,1,0.061801244480918394
381,13,7,1,0.10004767641106299
1072,23,6,1,0.06529801498979793
1625,13,0,1,0.11561039999048334
1246,10,7,1,0.09596150299909079
1356,19,7,1,0.10756740929649267
2228,13,1,1,0.10344781349761967
2418,11,4,1,0.08876608682866916
286,12,0,1,0.08074051113712322
297,18,1,1,0.10366580330598302
1793,7,4,1,0.09233985328010486
996,23,7,1,0.04767201113801278
1547,20,7,1,0.09818372242839224
616,16,1,1,0.13181487676618325
1383,16,1,1,0.12932972037458074
1943,10,1,1,0.11454582959581572
2275,10,6,1,0.09885832345037421
1099,8,1,1,0.09602920407401044
1491,18,1,1,0.1233775138433632
1294,11,6,1,0.1344782143913364
61,16,0,1,0.05149705744603006
559,12,6,1,0.1354453458370769
730,8,4,1,0.11540965612603132
870,22,4,1,0.0804732573343846
1535,21,0,1,0.08952867183745084
175,14,4,1,0.12255186987699945
1941,13,7,1,0.10943119553649172
2415,9,0,1,0.05092177462354541
794,19,7,1,0.10744401418600891
846,13,1,1,0.13708006824263058
396,20,4,1,0.113375573598132
2400,10,1,1,0.06851011477194258
2299,10,0,1,0.064712151194659
2097,8,4,1,0.09468639981815419
573,6,1,1,0.054359937266305836
1612,13,6,1,0.13135707548951742
2314,21,7,1,0.05109190842080957
2010,11,4,1,0.12520184702713627
1817,10,4,1,0.1160896932447415
78,16,7,1,0.06575937290006229
2067,17,1,1,0.11811595495640276
229,21,7,1,0.056784202039599
1294,17,0,1,0.11621038053956195
2213,22,4,1,0.06671622131219157
1844,6,4,1,0.06495073115276895
1053,13,6,1,0.13981775755367576
1658,13,4,1,0.136633502062661
160,11,0,1,0.05634528394792515
1995,18,7,1,0.1037692533236445
464,6,0,1,0.026248394361549576
584,19,6,1,0.12205141916868639
961,17,6,1,0.13617550387084992
1177,7,6,1,0.10953919661898326
1250,14,0,1,0.11290844745694184
785,21,7,1,0.08078768717708062
1573,22,6,1,0.07867294627736576
1983,12,7,1,0.10372343800502931
1183,6,7,1,0.0511646151783266
475,16,7,1,0.10230400387648642
815,23,0,1,0.03253151119813158
192,15,7,1,0.08448275235637626
850,12,1,1,0.13764099660675821
1065,20,0,1,0.09454186636614959
167,6,7,1,0.027575793103520763
103,20,4,1,0.08931879214699301
1628,8,0,1,0.08873528335815128
387,9,4,1,0.10963355637632899
838,12,1,1,0.13782531090255107
782,13,6,1,0.14626757536054585
1947,19,7,1,0.10676561643984972
208,7,7,1,0.048684555477285674
153,7,4,1,0.07778155743395909
1099,13,1,1,0.13227256645364338
217,7,7,1,0.04980134584727214
494,8,7,1,0.07296652090803668
43,18,4,1,0.0960054006134532
266,18,1,1,0.1001383667471783
1937,20,0,1,0.09366051246823859
398,12,4,1,0.13913290237847242
533,19,0,1,0.08991311102768385
227,15,4,1,0.1240693710023833
401,16,0,1,0.09515726167353078
2060,21,7,1,0.0781597954519454
1329,15,7,1,0.12245875789221439
1001,22,6,1,0.08907096134565362
1166,11,6,1,0.13075268218386032
880,10,0,1,0.0879929227900671
106,7,0,1,0.03070636472298205
1319,20,7,1,0.10095800860605358
1045,22,1,1,0.08884747515724634
1310,6,1,1,0.07186426025634807
247,20,7,1,0.07558871002822154
985,23,4,1,0.059038014741585765
562,17,0,1,0.10007127569411745
709,12,4,1,0.14780658050334694
2314,12,1,1,0.09329446859598722
2138,13,0,1,0.09583853568360123
943,11,4,1,0.140419396533436
1147,9,1,1,0.10216152161887526
2083,9,1,1,0.10132722872695976
2079,22,1,1,0.07330528607532216
2312,21,4,1,0.08055581946898382
1933,21,6,1,0.09400381642289224
638,16,4,1,0.14924704110870646
2059,16,0,1,0.10871545770247348
964,7,6,1,0.10884800942736572
390,9,7,1,0.0799818195875317
2080,14,4,1,0.12889496889407026
2060,15,1,1,0.11987379044030838
266,13,1,1,0.11578978884037455
595,12,1,1,0.13183579233353399
2082,17,4,1,0.12706968048058187
337,16,4,1,0.13022429083324838
2133,17,6,1,0.1056831604471527
1355,15,4,1,0.14721397202637587
1923,12,0,1,0.11343275005794506
1559,21,0,1,0.09229682340116463
791,23,6,1,0.06837380632090984
1320,11,6,1,0.13485438206788436
261,9,6,1,0.11143847588133426
1516,17,4,1,0.14285437190373634
863,10,6,1,0.13573156035298534
2132,16,4,1,0.12091732406684319
1349,22,0,1,0.07871231467123863
1812,17,7,1,0.10469146656519462
1508,23,4,1,0.059028098387647665
2329,16,4,1,0.11022441630771629
2202,6,7,1,0.03268776947092289
1515,12,4,1,0.1416912011694625
616,23,4,1,0.06294156129101136
2244,14,0,1,0.08984391139225323
593,17,4,1,0.14309675410641587
988,18,0,1,0.11122663922332282
2393,23,7,1,0.0057028516548980335
686,11,7,1,0.10705815683230452
445,13,7,1,0.10389367325416898
749,12,1,1,0.13836944103184373
282,16,6,1,0.11404834916948697
1199,17,7,1,0.11176908950963066
592,17,7,1,0.10399106533195052
1478,16,6,1,0.1305226401314401
2041,15,4,1,0.13589611275751756
1114,6,7,1,0.05423772330288412
1141,13,1,1,0.1319887350315631
1880,23,4,1,0.0535527794841365
2444,19,0,1,0.05221186006529366
2093,17,7,1,0.09579298499421607
664,11,4,1,0.1415119935448031
2394,22,1,1,0.04909215934437716
1940,10,4,1,0.11700363841397249
747,7,1,1,0.086091802792853
633,17,1,1,0.12325758284039129
1520,15,0,1,0.11248603654657185
1576,11,4,1,0.13168445333408352
1925,17,0,1,0.11064904731530156
746,13,7,1,0.11539626107357442
1607,10,0,1,0.09320275568199954
579,20,4,1,0.11916955314044558
1573,18,7,1,0.1023761505507863
880,22,1,1,0.0843776790350319
322,6,7,1,0.03302988980266064
1621,13,1,1,0.13475852657330578
2445,12,6,1,0.08659285196111233
199,15,0,1,0.0740494251283953
580,9,4,1,0.12046386271481552
2206,13,6,1,0.10872093132142568
1259,12,7,1,0.11498243178677309
1787,22,6,1,0.08246166121539866
872,9,1,1,0.10526677409770885
1791,14,0,1,0.1159586972972263
917,6,4,1,0.07657545011463918
2090,12,0,1,0.10556530875997128
588,11,1,1,0.11954331596800216
590,14,7,1,0.11426148682143844
1839,11,4,1,0.1295051530222185
835,10,0,1,0.08623027714579068
381,15,7,1,0.0993782757677606
1110,6,4,1,0.0799440454701823
566,7,1,1,0.08123431179587781
968,14,6,1,0.14177045498928126
1019,10,1,1,0.11991357154529148
2220,22,0,1,0.05302728264080281
563,13,4,1,0.14247774099735894
1679,13,1,1,0.13559299670757669
770,8,1,1,0.09915883851535473
617,20,1,1,0.10689700041991962
1220,13,7,1,0.12043274955584649
2300,9,7,1,0.061885318967796366
1859,11,0,1,0.10780662617856301
1068,12,1,1,0.13273428097783513
1559,7,6,1,0.10761774469145496
1174,19,6,1,0.12348738120536157
732,16,6,1,0.13676972780211422
366,13,0,1,0.09263097432329481
1282,13,0,1,0.11547783451874549
141,10,4,1,0.10738788793460274
469,12,7,1,0.10413039577098837
1296,8,0,1,0.08537754503780592
95,20,1,1,0.06955399046149846
2151,19,7,1,0.09315224275007505
2258,9,4,1,0.09249840929086939
1582,20,4,1,0.11731561105894456
260,23,7,1,0.02104468893951239
1193,19,7,1,0.10569303066069724
829,10,7,1,0.09915866547719365
2415,15,7,1,0.060339541710875966
1811,22,1,1,0.08921420440267858
101,7,1,1,0.05772375444413813
825,13,1,1,0.1373441024240593
1458,20,0,1,0.10131362235959174
236,20,1,1,0.0892648840230551
322,11,1,1,0.1041046338208989
110,23,0,1,0.004824209976078575
2452,10,1,1,0.0673358726992801
2198,17,4,1,0.11539066732100617
1644,8,0,1,0.08873528335815128
99,14,7,1,0.07495727943175334
530,18,6,1,0.1300320791899809
1439,6,1,1,0.07493620510529031
1202,22,1,1,0.08675501921171291
1239,13,4,1,0.13793475449505826
850,6,1,1,0.06139099513970803
853,9,1,1,0.10724427580978385
33,14,4,1,0.10480226703813667
2186,20,1,1,0.09074105485781225
849,22,7,1,0.0668958842723878
633,17,7,1,0.1043387844608833
1496,21,1,1,0.09922986781164744
2423,9,0,1,0.05062984695363004
1983,13,6,1,0.1253422548400535
1954,12,0,1,0.10964700560192753
1142,20,1,1,0.1141103577703712
370,22,0,1,0.04372301094052511
848,15,7,1,0.11688956986176957
1254,23,0,1,0.03999142456460292
1447,21,6,1,0.09793150290250302
1527,23,4,1,0.0601774460063057
376,19,4,1,0.12418434163561837
1108,11,0,1,0.09833224051880496
2102,23,4,1,0.04317889149699439
337,8,1,1,0.08260425692024242
1196,17,4,1,0.13874454707470624
1286,23,4,1,0.057555806631607975
246,7,4,1,0.08355682950449494
50,8,4,1,0.07877585972340995
1426,12,7,1,0.11185930643190928
1423,14,0,1,0.1110389813473383
2238,11,0,1,0.08912992072797898
880,7,0,1,0.06381678549664627
1110,6,6,1,0.08712957100076024
1959,15,1,1,0.12246769505643251
2395,13,0,1,0.06921037642110262
76,21,4,1,0.07149927555948232
1809,21,7,1,0.09105173099601838
1907,20,7,1,0.10032425999940964
1906,10,7,1,0.09318734448232535
1114,16,4,1,0.14055914474384795
1937,17,7,1,0.10370196399983944
776,17,4,1,0.14601863122394287
1673,7,1,1,0.09786632693450736
603,15,7,1,0.11250928846406982
108,19,0,1,0.05040961483401574
541,14,0,1,0.1012909703239353
2029,7,4,1,0.08662266676600294
629,17,4,1,0.14367219491026967
2007,19,7,1,0.10768951085988449
623,16,0,1,0.10531049196490161
1461,15,1,1,0.1347903620433646
1832,21,7,1,0.09098060872188107
1232,8,0,1,0.08389042842408578
2323,16,7,1,0.06916931924407466
2342,16,1,1,0.08816013052117233
1444,6,4,1,0.08017960350133968
810,19,0,1,0.09572572768561816
2227,22,1,1,0.06416524913621502
1441,13,7,1,0.11534659086136051
1686,16,6,1,0.12662719241702547
1034,21,6,1,0.10778813385988278
584,13,6,1,0.1385643296880622
381,9,1,1,0.09485241104768027
1460,23,4,1,0.05955465930707393
1225,17,1,1,0.1246579052750646
2093,16,7,1,0.09629520944205117
1408,17,0,1,0.11288688459589175
1210,21,0,1,0.08797443434086827
805,16,1,1,0.1334017412886344
2014,6,7,1,0.04480762496842983
1032,10,4,1,0.12959106557551275
846,19,7,1,0.10702543942613424
1278,20,7,1,0.10174454418060774
616,21,4,1,0.10677902374365711
861,17,1,1,0.12796692269356325
1508,22,1,1,0.08829776316487115
2400,14,1,1,0.08345566937712434
2025,20,4,1,0.1102481328773896
404,8,4,1,0.10536715683804254
1010,10,0,1,0.08603708760082274
2151,20,6,1,0.0952100290955934
293,14,6,1,0.12172134734380063
649,19,7,1,0.10020016732428699
1695,20,1,1,0.11228732335020347
1155,9,0,1,0.08372294859712015
1921,18,0,1,0.10947883135860903
206,8,6,1,0.1004730453694489
127,18,4,1,0.11155955907666387
1830,10,7,1,0.09376039299368422
1682,13,1,1,0.13433708521183924
1740,6,0,1,0.03538898342932961
2133,8,6,1,0.09754976915830771
382,14,4,1,0.1387831728970711
2127,22,0,1,0.056726030700873786
1471,13,6,1,0.13895382485852248
1267,13,0,1,0.115046974723584
609,18,4,1,0.13493490462618035
210,21,1,1,0.07284278599950311
1853,19,6,1,0.11834683453536726
407,16,7,1,0.09544711028743663
142,14,1,1,0.09579894815592266
471,22,6,1,0.07207101886841638
1672,6,7,1,0.053971744441981495
2150,8,6,1,0.09693791555708486
1466,16,4,1,0.14147297389724967
2348,21,1,1,0.057147289502335274
1388,6,6,1,0.08464826759002952
2338,13,4,1,0.10003606556344613
2253,13,0,1,0.09113140900194117
1307,20,7,1,0.10055413949440978
1452,22,0,1,0.0773015560640713
1995,19,7,1,0.10808755343013066
1914,11,0,1,0.1055007735518288
1058,15,7,1,0.120334397531625
1045,14,1,1,0.13227198714516253
1602,22,7,1,0.06499486410783095
1355,8,0,1,0.08953990150115576
160,7,0,1,0.03787034107219123
2283,19,0,1,0.06862349104728005
108,20,6,1,0.07123581224701059
2124,21,0,1,0.07031803854887064
2124,20,1,1,0.09619585420318899
2303,18,1,1,0.08979854229372985
471,23,1,1,0.060106927237435714
373,14,0,1,0.09622150529897877
2109,16,0,1,0.10094893428296214
1351,12,1,1,0.13544037779768425
1466,23,7,1,0.046817560242018885
457,11,4,1,0.1299428613343177
2179,19,7,1,0.08455313739942039
238,7,7,1,0.04943224871603691
2183,15,1,1,0.10515111615517114
436,6,1,1,0.05376768645891483
718,14,7,1,0.118619627870853
159,20,1,1,0.0791602179379799
243,16,0,1,0.07977837150130551
2127,12,0,1,0.10008881592234897
1247,19,4,1,0.12432278416810916
1276,23,0,1,0.041547234062406346
1731,12,0,1,0.11573679999390851
595,12,7,1,0.10722282575649905
853,23,4,1,0.06145968321082329
847,23,6,1,0.06997172663867723
605,8,4,1,0.1157247430580014
1865,12,6,1,0.12845668901743146
1816,22,0,1,0.08043444241745912
1594,12,6,1,0.1297376630928745
372,10,6,1,0.11427949266263415
424,16,1,1,0.1257347102998998
1058,22,4,1,0.08308673391045651
2298,16,0,1,0.08439845368281185
527,9,4,1,0.11792001295310761
993,19,4,1,0.12054447311918881
828,7,0,1,0.06285308912118748
741,17,1,1,0.1283131019439941
1854,23,7,1,0.04542905003518938
2131,15,6,1,0.11525861094964757
123,21,1,1,0.06068493756915172
2496,8,6,1,0.0692270375050189
1216,13,4,1,0.14130871039476345
2134,19,4,1,0.1072337848574948
85,23,4,1,0.029688504319050457
1301,9,7,1,0.08706180180733847
738,21,4,1,0.10616764809645185
1047,10,0,1,0.08861692854686787
1640,10,6,1,0.12358442943976489
850,18,4,1,0.13536192125852126
137,8,1,1,0.06432384580178108
1501,15,0,1,0.11425900434253594
1054,14,7,1,0.12429559520334665
1875,7,1,1,0.08909726245916616
2215,13,0,1,0.09250504799011827
964,15,4,1,0.14550921761381808
1154,10,7,1,0.09394981396835977
887,10,4,1,0.1337986888465298
316,19,7,1,0.09013684471580752
1896,18,0,1,0.1117058459249573
392,13,1,1,0.12724166195241848
2361,19,7,1,0.06881630898783653
808,6,6,1,0.08168987242050196
928,22,7,1,0.06755676654190057
2351,22,0,1,0.03270359008157897
845,18,7,1,0.10902440845916467
2360,8,1,1,0.05695384140709825
1310,21,6,1,0.10493875216816467
25,7,6,1,0.07379024264277823
1182,6,1,1,0.06584817115936537
2436,14,1,1,0.07991928353431788
724,9,7,1,0.09184935253884718
1872,11,0,1,0.10623965859765411
1151,7,1,1,0.08788718854958244
2499,6,4,1,0.04148805983046455
205,21,1,1,0.07326928341457428
1454,15,4,1,0.14723593819232716
691,22,1,1,0.08327361725748861
1635,8,6,1,0.11612902595859914
405,14,7,1,0.10788668415703301
184,22,4,1,0.06293310439525646
1321,11,1,1,0.12797400722065866
263,19,6,1,0.10875262636175154
2358,18,7,1,0.06635438847099628
874,10,4,1,0.1337986888465298
404,16,4,1,0.14036149136304077
1625,8,0,1,0.08902814210838628
1726,10,0,1,0.09220351694561002
1958,9,7,1,0.08341844004813015
1498,7,7,1,0.06912973045019866
1419,21,6,1,0.10198955695050671
2191,19,1,1,0.09049603754687852
1011,8,4,1,0.11045971214011197
1156,17,6,1,0.13010000334536254
1822,14,0,1,0.11489133324381268
883,11,0,1,0.09975836945089989
1613,15,1,1,0.13056006323416336
525,18,4,1,0.13373814811658197
665,21,6,1,0.10284864294929102
1108,14,4,1,0.1386188230134346
1873,13,6,1,0.13142452354696116
411,18,0,1,0.09588642481879317
1821,9,0,1,0.0893422054385904
1557,12,6,1,0.13204873581847149
1993,13,0,1,0.10665712084671242
1835,6,7,1,0.04725065166621434
405,7,7,1,0.05156690808151165
1813,6,6,1,0.07547968114275272
1911,11,0,1,0.10583194831677761
1246,21,6,1,0.1036992021404628
899,21,0,1,0.07930173183004696
841,7,4,1,0.1046108478671306
1134,10,4,1,0.12984132695116574
450,13,0,1,0.09677230531911585
2067,12,0,1,0.10713091424075777
2338,23,7,1,0.01026160678337873
1188,20,7,1,0.09557256490120192
109,7,6,1,0.0780142861032368
429,15,1,1,0.12853417984857873
1651,22,0,1,0.08162903970179758
1836,20,4,1,0.11450900662021946
1911,12,6,1,0.12776579512641684
1400,10,6,1,0.12859199542308114
242,21,4,1,0.0896186125803431
27,15,4,1,0.10344762688359965
2188,22,1,1,0.07019845540873615
714,12,6,1,0.1427849963860474
2211,10,4,1,0.10527869798571221
868,8,7,1,0.08240557211934552
2070,21,1,1,0.08475658669072106
577,16,4,1,0.14827463777174632
362,18,6,1,0.12148344318032911
235,23,7,1,0.022983550786029983
1298,12,7,1,0.11564256081791585
994,8,4,1,0.10860284285645183
1328,20,4,1,0.1191709587407882
921,22,6,1,0.08982862574229766
607,15,1,1,0.13261829277520204
2285,22,1,1,0.06087796246521804
1771,13,7,1,0.11642989846326351
564,20,1,1,0.10832100527077237
1086,11,7,1,0.10849399505671875
83,12,1,1,0.08339605812380968
1061,23,6,1,0.06476028066871131
1559,13,7,1,0.11460208972933317
851,13,7,1,0.11463032777943505
1146,8,6,1,0.11794858820313714
1932,8,7,1,0.07222184242757013
2008,17,1,1,0.11916451246912896
1942,13,1,1,0.12544247880427217
809,22,1,1,0.08852248689495057
1225,12,1,1,0.13099041262549282
1812,16,1,1,0.12952832251945984
14,6,1,1,0.027467568902885486
1643,12,1,1,0.13657982401647345
204,16,1,1,0.09884049597258987
1997,15,6,1,0.12339812450938775
2347,14,4,1,0.1048416952289577
178,19,7,1,0.08437601761331459
2214,6,1,1,0.05183517875956978
231,8,6,1,0.1006886259837178
579,7,4,1,0.10332577135506582
1495,7,1,1,0.09976394143189032
1442,18,7,1,0.1059621948170153
1751,6,6,1,0.07903080478667024
534,6,0,1,0.024742657246896838
2143,9,4,1,0.09825222234839576
1193,19,6,1,0.12608660500195246
2172,14,7,1,0.09638009298418487
2034,13,6,1,0.12208101566432866
512,14,7,1,0.11379408881153319
1295,11,0,1,0.10406351141974951
2459,10,0,1,0.05036489933445487
1193,17,0,1,0.11526125923229408
1673,16,0,1,0.12082460391125655
1720,15,6,1,0.1288712291499276
120,15,1,1,0.08728525928860609
198,15,0,1,0.0740494251283953
2251,19,1,1,0.0875722019552414
737,13,6,1,0.14417618465994347
845,10,1,1,0.12023321248319108
2188,13,7,1,0.0890116368658318
1611,10,7,1,0.0954677556178381
1526,17,7,1,0.10897636296634255
288,23,0,1,0.01574728857292418
629,12,4,1,0.14830034710641748
2287,17,1,1,0.09508449058580115
1136,21,1,1,0.10181204969940072
2481,11,6,1,0.0837990413464964
2038,9,6,1,0.1105575615985856
1736,16,1,1,0.13123583571747938
1099,11,6,1,0.13515236324535124
147,23,4,1,0.033955940872261614
962,13,1,1,0.13493354548150632
1027,15,0,1,0.10738291327278121
487,15,1,1,0.12940155248654778
271,22,1,1,0.060672717876682936
2214,22,4,1,0.06671622131219157
556,14,7,1,0.11132953529131501
385,22,0,1,0.04847621287562642
1363,16,0,1,0.11586500377092918
1892,23,0,1,0.03573584603575408
814,13,4,1,0.14330641674350736
1071,19,1,1,0.11154114026538503
1459,23,6,1,0.05486608878237231
121,7,7,1,0.038227816745978194
2417,18,6,1,0.07611797587092306
337,12,4,1,0.13043427343701325
1621,12,0,1,0.11483665579462626
102,17,1,1,0.08457026651536736
1121,21,6,1,0.10588555371268693
2432,14,1,1,0.08120978062560658
889,21,0,1,0.07890078939242262
2009,16,6,1,0.11969131755265905
1853,15,6,1,0.12864026746852147
2091,12,6,1,0.120557269624887
1780,12,4,1,0.13260220162945513
863,20,6,1,0.11814908933251728
1433,22,6,1,0.08342060711036958
521,19,1,1,0.10949129318226425
138,23,7,1,0.010423736607398482
2468,14,0,1,0.06404298801137198
642,14,1,1,0.13510355044896777
1781,21,7,1,0.08994853215582621
1088,10,0,1,0.08923900123683948
932,20,7,1,0.09610667919099536
748,8,1,1,0.09915883851535473
1166,19,0,1,0.10392311470490051
2163,20,1,1,0.09278454247673407
1903,23,0,1,0.03573584603575408
1727,19,1,1,0.11417671804015683
609,8,1,1,0.09310374935692445
2243,18,6,1,0.09143046438899693
1663,6,6,1,0.08165090616580606
519,10,6,1,0.12620035537217422
693,10,1,1,0.11710117401976095
387,9,6,1,0.11504946756438139
838,17,0,1,0.10412647678150333
1304,17,7,1,0.11228942560334859
1002,13,1,1,0.13135951369447701
20,10,4,1,0.0919866529359239
2083,20,1,1,0.09949741085781066
399,15,1,1,0.12431375332142902
285,17,6,1,0.11696839088725897
1236,21,0,1,0.08731953418834137
246,20,0,1,0.06577016840117689
1096,8,6,1,0.11697344716410263
978,19,6,1,0.13018844157246978
2212,10,1,1,0.09062070688555124
1402,19,7,1,0.11062709354848699
1617,23,4,1,0.05400483069837991
1132,7,1,1,0.08746569367568535
1858,20,1,1,0.11091151727490445
1783,19,0,1,0.10546648996962033
2462,16,6,1,0.07796849465279054
658,9,4,1,0.12568716355499931
693,8,4,1,0.11627647484251746
1616,20,1,1,0.1116400330686041
162,23,4,1,0.03860537511431561
839,8,7,1,0.08000430844379891
976,15,7,1,0.12023503276282982
730,23,4,1,0.061897064283134906
1221,22,7,1,0.07331945961797803
2048,23,4,1,0.05040011605605843
1611,6,4,1,0.06972402703736413
2378,18,1,1,0.07770050497388459
1462,12,0,1,0.11261165088058572
79,19,1,1,0.06761994230346136
1622,17,1,1,0.12843873989534355
1109,9,1,1,0.10609754646017949
335,22,4,1,0.07001806068085159
2434,15,4,1,0.0953875605125118
508,14,6,1,0.1373761558593523
1441,7,4,1,0.10316374897838493
1811,14,1,1,0.13476570843858166
103,17,0,1,0.05680973620031371
1944,17,1,1,0.11879187779010708
2137,10,7,1,0.08562421961046696
1453,6,7,1,0.05276728287661603
2402,9,6,1,0.08447095369141755
1000,21,7,1,0.08420339913902097
1408,7,0,1,0.07198258168994731
227,6,1,1,0.045295692047181424
480,9,1,1,0.09767870109573806
178,8,7,1,0.06595213462585459
1265,12,4,1,0.14200564707996438
394,19,4,1,0.12439873503266563
1779,19,6,1,0.1186490520261369
935,11,0,1,0.09999142524145488
2021,20,4,1,0.1102481328773896
569,19,6,1,0.12205141916868639
2352,23,6,1,0.02461442648708667
2426,8,4,1,0.06642572288633675
1753,15,4,1,0.14251693560584133
1797,15,6,1,0.12819774226665948
2048,19,7,1,0.09997201487369767
1809,15,4,1,0.14250421648575862
2179,22,0,1,0.05525601930055968
2211,23,7,1,0.019427207053977047
821,7,7,1,0.062167548714857856
659,15,1,1,0.1359286084621576
2282,9,6,1,0.09517539189441859
286,15,1,1,0.11395124136050061
2000,23,1,1,0.04631426394240967
1085,12,0,1,0.11235356626350657
388,21,4,1,0.10232721823616597
401,20,0,1,0.07938339023594898
2103,17,0,1,0.10259428833132989
53,10,1,1,0.0706226556011097
271,22,1,1,0.060672717876682936
2273,13,6,1,0.10265990988617019
430,18,0,1,0.09718578861050198
1132,19,0,1,0.10687252515742651
1129,9,1,1,0.10549969592656555
1000,22,7,1,0.06600676582703613
1466,10,4,1,0.12523721208163685
2357,21,6,1,0.06534049867681124
410,23,6,1,0.05023709961796263
931,6,4,1,0.07525438963783704
193,6,0,1,0.016871017486121187
2003,12,6,1,0.12503030908038776
1009,22,0,1,0.06621033345227656
37,23,1,1,0.018251917441148402
930,19,6,1,0.13109709925643792
1648,23,0,1,0.04264271528702668
754,14,6,1,0.14305702494712808
2005,13,4,1,0.12559450993314492
1355,14,0,1,0.11886830502452822
923,13,7,1,0.11657243408736662
1256,14,4,1,0.1426137889799196
520,12,0,1,0.09544466632822196
360,19,1,1,0.10334442455234255
2227,14,6,1,0.1114687950655408
1214,13,1,1,0.13687209244884058
1897,12,6,1,0.12802522703831803
467,16,1,1,0.12721107944729132
20,8,6,1,0.080571300141285
665,21,1,1,0.09744862373179325
1596,14,4,1,0.14137525602080797
185,12,4,1,0.12239724344010078
1769,17,6,1,0.11857103185489376
1906,8,0,1,0.08264964458193835
2228,10,7,1,0.07871922724825042
1041,21,0,1,0.08225278298992333
2236,11,0,1,0.09010528127498407
886,18,0,1,0.10840769878395284
131,12,4,1,0.11841114294517024
830,20,4,1,0.11658151001722339
1477,12,7,1,0.11479198355197084
2148,9,6,1,0.10834083463170568
1017,8,1,1,0.09477577706023688
1103,9,6,1,0.12493816439313532
937,9,6,1,0.12511399785951766
1107,16,4,1,0.14055914474384795
1975,23,6,1,0.04767980281598416
1776,13,0,1,0.11519103764205768
606,20,1,1,0.10703132017229644
464,19,0,1,0.09372165328349524
1080,9,6,1,0.12534149703859354
953,16,1,1,0.1329527476900731
1764,20,6,1,0.10874380710734988
572,16,6,1,0.1316755070951719
1062,9,6,1,0.12357955598331477
2183,6,4,1,0.05711389668372846
1970,15,0,1,0.10849031969220274
1993,19,4,1,0.1201725708971097
65,10,7,1,0.06455635238023616
2453,21,0,1,0.04133232485657645
588,14,4,1,0.14387471035066596
72,10,6,1,0.0946484566110265
854,6,1,1,0.06139099513970803
36,9,0,1,0.02768279677067076
1928,7,4,1,0.09112974784163341
750,15,0,1,0.10571481743180106
1808,6,1,1,0.06550565919994678
181,16,6,1,0.10617586236003651
470,7,4,1,0.09646644268114446
902,19,1,1,0.10818781721495074
2070,13,6,1,0.12202816373079384
143,21,6,1,0.06633306810421602
562,13,1,1,0.13417060663208769
1651,14,0,1,0.11682072496292878
36,8,7,1,0.04796960327716915
67,19,6,1,0.08331621211359563
162,8,0,1,0.04744861480654927
723,11,1,1,0.12256015645600637
1774,19,1,1,0.11150786223857445
1192,6,7,1,0.05237114046381264
1038,13,6,1,0.13945655552199238
2294,18,7,1,0.07183959425805286
1151,21,1,1,0.1019740362183188
2058,7,6,1,0.09550229689312145
1696,6,0,1,0.03702533110584938
1718,6,6,1,0.07984314356444333
510,19,4,1,0.1280963363622557
276,9,6,1,0.11071552408587187
2153,14,4,1,0.11973599441147043
263,10,7,1,0.08346274151692001
1821,8,6,1,0.10918435321227371
2056,6,4,1,0.06724609815573757
1048,18,4,1,0.13198477312250928
1453,20,1,1,0.11378453829917756
1919,11,7,1,0.09952322391214175
628,17,6,1,0.13470983114278845
1309,10,7,1,0.09772134230308038
799,19,7,1,0.10744401418600891
1096,13,0,1,0.11206767493928949
1198,17,7,1,0.11176908950963066
1292,18,7,1,0.1110723953244947
1734,18,0,1,0.119503013522953
75,12,6,1,0.09574659606334895
1301,8,7,1,0.08205618890243682
94,14,1,1,0.08925351885343547
1510,7,0,1,0.07570079175405964
2197,23,0,1,0.020466424261756377
1363,9,0,1,0.0890816685331115
161,8,4,1,0.09422441041831386
50,17,7,1,0.06692808475232348
1793,21,6,1,0.09910096949425656
1659,13,1,1,0.13608188837730728
843,16,0,1,0.10613023152738882
2095,22,4,1,0.07339492145180793
1861,9,1,1,0.11165196809916406
2006,13,7,1,0.10951984106702584
2348,17,7,1,0.06862637785294967
1039,23,4,1,0.05880298844834242
2495,18,7,1,0.05347015938073607
2011,13,7,1,0.10837417988079873
1718,18,0,1,0.1212471870019804
916,23,1,1,0.05577600705578378
575,16,7,1,0.10341208179251155
2066,8,4,1,0.09400873408417032
2409,20,4,1,0.08267303801116388
2017,18,0,1,0.10759232207429392
576,10,1,1,0.11450644581755653
1712,15,6,1,0.1275745267098014
2355,20,0,1,0.05447443514975481
1584,10,1,1,0.12333450652310501
1647,10,4,1,0.11959554505705094
2312,21,1,1,0.0657103498698578
1962,11,6,1,0.12154512456723754
2433,23,0,-1,-0.0014005770898293246
1176,6,1,1,0.06599922424269422
36,8,7,1,0.04796960327716915
245,11,4,1,0.1158574163945365
2232,17,7,1,0.078852270049939
1849,19,4,1,0.12198590293318462
808,7,0,1,0.06292777450733067
125,21,4,1,0.07929173153565794
1238,11,6,1,0.13403463867306115
2049,16,7,1,0.10158860322827018
181,9,6,1,0.10801608099764759
1596,15,4,1,0.146250346755393
2258,19,7,1,0.07839494412550674
431,14,6,1,0.13049713115539774
903,12,6,1,0.14278802544074076
1311,11,0,1,0.10813625004856187
830,17,1,1,0.12742700991013023
425,11,7,1,0.097512899369327
1448,15,4,1,0.14723593819232716
1769,13,1,1,0.13476454490958645
136,12,1,1,0.09194372723526634
1890,6,0,1,0.0338577946876889
1307,11,1,1,0.12669727377360668
443,7,1,1,0.07785856756262854
2046,22,7,1,0.059658203140298904
1559,18,0,1,0.12076162761216547
1390,17,7,1,0.11238238271878592
564,13,4,1,0.14273850141150962
2486,21,1,1,0.048639869460839535
2172,17,4,1,0.1189713908962261
1729,14,6,1,0.13253371136130793
1461,21,6,1,0.09793150290250302
55,9,0,1,0.032195181281245544
178,22,4,1,0.06257289503848185
1103,20,4,1,0.11646345742273523
31,18,4,1,0.09571770395138196
637,6,0,1,0.027682007292348154
67,8,4,1,0.08194147776179883
1396,19,7,1,0.1099710129258617
1019,9,1,1,0.10553238331895715
1267,14,1,1,0.13463952008383973
544,10,7,1,0.09072735533726162
1147,14,7,1,0.12381664009070853
1716,16,4,1,0.13815037088851945
1445,16,6,1,0.1286541348763845
2073,11,6,1,0.1180277629624657
869,7,0,1,0.06381678549664627
1149,16,1,1,0.13139925968399502
439,13,6,1,0.1318613103074341
1584,6,4,1,0.07424201788413043
2201,6,1,1,0.052202650651090976
1857,18,4,1,0.13270307088267802
1066,20,4,1,0.11132999114230652
1191,11,4,1,0.13884614896038727
1423,13,7,1,0.11727769498507079
1811,13,0,1,0.11606916210313217
2299,13,7,1,0.07594501567906087
1965,18,4,1,0.1269869545897359
923,14,1,1,0.13379142745620498
29,20,7,1,0.05690736608782421
1915,8,0,1,0.08264964458193835
544,20,1,1,0.10690385289311366
1672,11,7,1,0.10469840627168403
486,22,1,1,0.07947087818381138
680,17,1,1,0.1233985240697173
525,10,1,1,0.10809291729662518
1991,20,0,1,0.09342482558758036
1318,7,6,1,0.11161850588939426
394,13,0,1,0.09500530773233895
680,15,7,1,0.11545566139432883
205,6,6,1,0.059544281866075854
1330,11,1,1,0.12797400722065866
1489,11,4,1,0.13578074508918625
1701,11,0,1,0.10563087261914184
437,11,1,1,0.11512321563135497
2171,9,1,1,0.09270639944890235
44,13,1,1,0.08284519037631233
122,14,6,1,0.09903122056594865
1813,11,6,1,0.12185069395726644
471,11,6,1,0.12628385955543586
1491,19,6,1,0.12250191700864888
981,18,6,1,0.141236673946182
1308,8,6,1,0.11804705104358959
2268,10,6,1,0.10211646357649112
364,10,1,1,0.10227745448321535
13343,0,5,-1,-0.10555202101741767
35151,0,2,-1,-0.1651734635281119
35071,2,5,-1,-0.15348583378438696
12749,3,2,-1,-0.08965044583874615
22096,4,3,-1,-0.1130010711390389
15842,4,2,-1,-0.09709128375632725
17075,3,5,-1,-0.11328277064778813
18612,0,3,-1,-0.14160752953872469
34923,4,2,-1,-0.14687801347927798
43606,0,2,-1,-0.18708906699572048
24217,2,5,-1,-0.13793569664990024
13503,2,3,-1,-0.1124890834462956
14998,1,5,-1,-0.10648328323760092
40206,3,3,-1,-0.15546201365860512
35282,3,3,-1,-0.13938545532750923
25418,2,2,-1,-0.13020852193397658
33223,0,3,-1,-0.16004661390328379
24580,0,5,-1,-0.1439118352158707
44914,1,3,-1,-0.1739691122305339
38709,2,2,-1,-0.16158102824237663
48783,3,2,-1,-0.1713716466721542
36206,4,5,-1,-0.15902539991832865
35215,4,5,-1,-0.15196783407415293
34349,3,5,-1,-0.14894106255808148
11204,0,3,-1,-0.11104102904990731
11623,4,3,-1,-0.07552845700833288
44283,2,5,-1,-0.17919047895809348
32695,3,2,-1,-0.14087788990517902
12957,1,3,-1,-0.10904675858832069
27252,4,5,-1,-0.13793569664990024
24478,0,2,-1,-0.14608422618749373
47225,0,3,-1,-0.18973979354995396
14998,4,2,-1,-0.09709128375632725
18046,0,3,-1,-0.13713486882206394
27744,3,2,-1,-0.13294147209682405
42791,2,5,-1,-0.17605342063518103
30402,2,5,-1,-0.15146251849001446
45651,1,3,-1,-0.17553181458435974
13542,0,5,-1,-0.10792644623349368
46472,3,2,-1,-0.17033511832664439
25649,4,2,-1,-0.12038752249444595
13941,0,2,-1,-0.11879111761250916
41031,4,3,-1,-0.15671666269197204
45826,0,5,-1,-0.1865599969029127
28570,4,5,-1,-0.14091770088085853
32834,0,2,-1,-0.16311856023567284
24881,3,2,-1,-0.11949166060251104
32869,0,3,-1,-0.16004661390328379
36933,0,5,-1,-0.16981737989237466
14967,1,2,-1,-0.11431614015306757
