valor,hora,cidade
859,12,Valinhos
1279,12,Campinas
401,21,Valinhos
1080,16,Vinhedo
1333,15,São Paulo
91,12,Vinhedo
1726,7,Jundiai
551,22,Jundiai
188,22,Campinas
2125,15,São Paulo
214,7,Valinhos
814,11,São Paulo
2328,19,São Paulo
13,16,São Paulo
1128,17,Vinhedo
2451,20,São Paulo
1680,22,Jundiai
1468,18,São Paulo
1234,18,Valinhos
2468,10,São Paulo
108,13,Valinhos
1648,17,Campinas
798,20,Valinhos
591,14,São Paulo
2403,20,Vinhedo
1659,13,Jundiai
1287,16,Valinhos
496,20,Vinhedo
1483,11,Jundiai
173,20,Jundiai
1635,22,Valinhos
2252,8,Vinhedo
334,7,Valinhos
1555,14,Campinas
1347,14,Valinhos
456,12,Campinas
1402,23,Valinhos
476,20,Campinas
120,20,Vinhedo
1403,14,Valinhos
1516,16,Vinhedo
1048,15,Vinhedo
1995,9,Valinhos
1824,17,São Paulo
1463,18,Campinas
1318,23,Campinas
466,18,Campinas
2229,8,Campinas
592,23,São Paulo
1823,17,Valinhos
514,8,São Paulo
1695,20,Jundiai
1026,14,Campinas
1432,14,Campinas
129,17,São Paulo
935,16,Campinas
2000,17,Vinhedo
447,6,Campinas
1591,14,Vinhedo
1275,8,Vinhedo
315,19,São Paulo
2308,15,Valinhos
1687,15,São Paulo
1735,13,Campinas
2269,18,Campinas
1704,8,Vinhedo
312,17,Campinas
1738,23,Valinhos
826,18,Vinhedo
1352,11,Vinhedo
1080,21,Vinhedo
1611,10,Jundiai
193,17,Jundiai
2135,6,Valinhos
1023,14,São Paulo
453,19,Vinhedo
140,8,São Paulo
341,17,Campinas
498,14,Valinhos
585,8,Valinhos
902,14,São Paulo
405,11,Valinhos
123,22,Jundiai
676,13,Valinhos
417,10,São Paulo
330,16,Vinhedo
1812,22,Vinhedo
79,16,São Paulo
1415,20,Valinhos
997,11,Jundiai
1352,7,São Paulo
161,9,Valinhos
206,10,Vinhedo
1448,22,Jundiai
2489,19,Jundiai
643,11,Jundiai
320,11,Vinhedo
267,10,Vinhedo
2275,10,São Paulo
354,16,Campinas
2484,17,Valinhos
2187,23,Valinhos
2073,14,Jundiai
1003,14,Valinhos
519,16,Jundiai
1804,9,Campinas
326,16,Vinhedo
975,8,Valinhos
1523,7,São Paulo
598,13,Valinhos
2255,18,São Paulo
312,18,Valinhos
722,18,Vinhedo
1668,22,Campinas
284,18,Jundiai
1554,7,Jundiai
1418,15,São Paulo
177,16,Vinhedo
1657,18,Valinhos
904,20,Vinhedo
61,6,São Paulo
1049,14,Valinhos
571,14,São Paulo
1240,13,Vinhedo
39,20,São Paulo
2263,21,São Paulo
977,9,Vinhedo
968,6,São Paulo
1169,14,São Paulo
658,6,Valinhos
143,8,Valinhos
1630,7,Campinas
954,23,Vinhedo
1332,13,Jundiai
1235,14,Jundiai
2360,20,Campinas
1949,6,Valinhos
810,7,Valinhos
1410,8,Campinas
915,19,São Paulo
461,21,Jundiai
1434,16,Vinhedo
2072,8,Valinhos
888,20,Jundiai
1516,15,Vinhedo
1598,7,Valinhos
1760,15,Campinas
1760,20,Jundiai
201,23,Campinas
609,10,São Paulo
490,17,Jundiai
1004,23,Campinas
2026,7,Valinhos
104,20,Vinhedo
2241,10,São Paulo
772,12,Valinhos
1814,7,Jundiai
845,22,Jundiai
544,15,Valinhos
1921,22,São Paulo
1157,12,Campinas
600,7,Valinhos
2071,14,Valinhos
2345,20,Valinhos
71,23,Valinhos
114,13,Jundiai
1805,23,Jundiai
1123,10,Vinhedo
378,6,Valinhos
2417,11,Valinhos
320,10,São Paulo
953,14,Valinhos
666,20,Jundiai
2123,19,São Paulo
594,7,Valinhos
724,19,Valinhos
228,12,Vinhedo
1702,13,Jundiai
1283,11,Valinhos
2105,9,Jundiai
1062,21,Vinhedo
2439,8,Campinas
1885,9,Valinhos
1685,19,Valinhos
2290,22,São Paulo
592,18,Valinhos
2413,10,Vinhedo
1529,7,Jundiai
1492,13,Valinhos
848,16,Valinhos
2123,6,Jundiai
979,19,Valinhos
1664,9,Vinhedo
1654,15,São Paulo
1161,9,Campinas
2138,20,Campinas
651,11,Vinhedo
1576,21,Campinas
1019,16,Valinhos
2489,19,Campinas
1380,15,São Paulo
953,18,Campinas
153,7,Campinas
2350,10,Vinhedo
2398,10,Valinhos
1980,8,Jundiai
113,18,São Paulo
1291,13,Valinhos
1160,17,Campinas
1322,17,Campinas
1389,18,Vinhedo
1410,6,São Paulo
1569,14,São Paulo
230,11,Campinas
1088,11,Valinhos
263,23,Jundiai
1339,15,Valinhos
854,12,Jundiai
2313,7,Campinas
2124,19,Vinhedo
1107,14,Campinas
55,14,Valinhos
277,12,Jundiai
202,23,Vinhedo
2210,15,Valinhos
517,16,Valinhos
1883,22,Jundiai
1395,8,Vinhedo
2194,8,Jundiai
572,9,Vinhedo
320,19,Jundiai
1715,21,São Paulo
1590,18,Campinas
551,12,Campinas
2442,13,São Paulo
1605,20,Valinhos
1526,9,Jundiai
2033,14,Valinhos
2462,9,São Paulo
1766,13,São Paulo
921,21,Valinhos
1979,11,São Paulo
847,15,São Paulo
1133,8,Valinhos
1837,13,Vinhedo
1811,20,Vinhedo
419,21,São Paulo
2168,16,São Paulo
526,15,São Paulo
1000,9,São Paulo
1983,23,Valinhos
1034,22,Jundiai
246,13,Vinhedo
273,7,Campinas
717,11,Jundiai
1986,11,São Paulo
1254,8,Jundiai
921,6,Vinhedo
2331,20,São Paulo
1069,17,Campinas
1462,22,Vinhedo
1905,18,São Paulo
804,12,Campinas
1802,19,Campinas
1254,15,Campinas
773,12,Valinhos
1674,14,Vinhedo
1093,13,Jundiai
650,18,Campinas
2098,16,Jundiai
985,14,Valinhos
527,8,São Paulo
1416,23,São Paulo
604,11,Jundiai
1314,20,Vinhedo
2124,17,Campinas
1001,18,Vinhedo
2445,12,São Paulo
334,12,Campinas
646,6,Campinas
1724,14,Jundiai
1240,8,Vinhedo
1106,22,São Paulo
961,20,Jundiai
556,20,Vinhedo
2041,13,Jundiai
380,20,São Paulo
1361,19,Campinas
504,20,Valinhos
965,13,Valinhos
1027,22,Valinhos
2071,18,Campinas
313,15,Jundiai
999,21,Jundiai
172,16,São Paulo
1955,6,Valinhos
1674,12,Campinas
504,16,Campinas
2358,7,Campinas
2078,15,Valinhos
1344,13,Jundiai
320,7,São Paulo
1766,19,Campinas
1006,12,São Paulo
163,23,São Paulo
708,11,São Paulo
1309,9,Valinhos
1226,13,Campinas
179,20,São Paulo
1840,11,São Paulo
799,16,Vinhedo
1868,10,São Paulo
1309,8,Jundiai
2021,7,Vinhedo
2208,7,Valinhos
720,6,Vinhedo
738,13,Campinas
360,11,Vinhedo
1007,16,Valinhos
1614,20,São Paulo
2391,23,Jundiai
1327,16,Vinhedo
2288,15,Jundiai
442,19,Vinhedo
2289,18,Vinhedo
1888,11,Vinhedo
838,17,São Paulo
314,21,Vinhedo
1940,20,Valinhos
930,17,Campinas
824,9,Campinas
601,14,Valinhos
2169,14,Vinhedo
1285,10,Jundiai
759,21,Valinhos
2161,15,Vinhedo
2119,17,Jundiai
219,22,Valinhos
2490,10,Campinas
1785,23,Vinhedo
882,22,Vinhedo
841,10,Valinhos
361,15,Vinhedo
892,19,Valinhos
851,18,Vinhedo
755,11,Campinas
689,11,Valinhos
982,10,Valinhos
1708,6,Campinas
1243,10,Campinas
2307,6,Campinas
1246,18,Valinhos
141,17,Vinhedo
1673,8,Jundiai
1118,7,Valinhos
760,9,Vinhedo
1655,16,Jundiai
2268,21,São Paulo
2373,11,Vinhedo
376,20,Vinhedo
2462,23,Campinas
516,23,Vinhedo
1749,13,Jundiai
2283,12,Jundiai
1405,12,Valinhos
1162,17,Valinhos
191,19,Vinhedo
2358,7,Campinas
162,8,Valinhos
349,10,Valinhos
2089,15,Campinas
1667,8,Vinhedo
2396,14,Valinhos
936,14,Valinhos
235,23,Vinhedo
1392,20,Jundiai
587,19,Jundiai
2233,16,Vinhedo
1126,10,São Paulo
225,13,Valinhos
2472,19,Vinhedo
1248,11,São Paulo
1408,20,Campinas
1915,19,Valinhos
2233,9,Vinhedo
1106,10,Vinhedo
2351,19,Vinhedo
2481,10,Valinhos
340,14,São Paulo
1349,10,Vinhedo
986,17,Vinhedo
509,20,Valinhos
2233,8,São Paulo
385,19,Vinhedo
1983,18,Jundiai
1842,21,Vinhedo
1876,19,Vinhedo
491,9,Valinhos
457,17,Campinas
432,21,Valinhos
806,23,Valinhos
1940,19,Campinas
1967,12,Vinhedo
1814,22,Vinhedo
1416,18,Campinas
966,21,Vinhedo
818,8,Campinas
1981,10,São Paulo
1699,17,Jundiai
1753,15,Vinhedo
321,18,Jundiai
1182,19,São Paulo
1306,18,Campinas
1539,20,Jundiai
615,18,Campinas
1419,7,Campinas
1486,19,Jundiai
224,7,Vinhedo
1155,9,Valinhos
618,13,Valinhos
1632,11,Valinhos
1648,6,Vinhedo
1619,7,Campinas
546,17,Vinhedo
1722,8,Vinhedo
781,17,Vinhedo
1071,8,Vinhedo
2174,18,Vinhedo
255,17,Valinhos
1402,11,Vinhedo
2426,6,Campinas
1251,9,Valinhos
1686,20,Vinhedo
2427,12,Campinas
1430,18,Valinhos
2085,13,São Paulo
787,12,Valinhos
998,18,Vinhedo
1079,15,Valinhos
95,11,Campinas
2347,22,São Paulo
2310,15,Jundiai
1576,22,Valinhos
2482,16,Campinas
2409,21,Campinas
290,20,Jundiai
711,18,São Paulo
1793,11,São Paulo
571,17,Vinhedo
2460,12,Campinas
496,18,Jundiai
608,17,Valinhos
1152,23,Campinas
1645,18,São Paulo
1040,6,Vinhedo
641,20,Vinhedo
2287,21,Vinhedo
2415,7,Valinhos
1459,12,São Paulo
599,8,Vinhedo
325,9,Vinhedo
1733,13,Campinas
1258,22,Valinhos
1074,6,Vinhedo
2315,11,Jundiai
1379,23,Jundiai
315,7,Campinas
1586,19,Vinhedo
891,22,Valinhos
1486,22,Valinhos
1336,18,Campinas
821,18,Valinhos
24,19,São Paulo
245,15,Campinas
1776,17,Campinas
2106,15,São Paulo
1258,17,Jundiai
1309,12,São Paulo
515,7,São Paulo
1013,20,Valinhos
13,6,Jundiai
31,12,Valinhos
1764,9,Campinas
706,15,Jundiai
1435,15,São Paulo
1165,8,São Paulo
972,10,São Paulo
1052,19,Jundiai
355,19,Vinhedo
1709,18,Campinas
2169,23,Vinhedo
50,9,Jundiai
337,17,São Paulo
2307,10,Valinhos
1455,18,Vinhedo
1324,12,Jundiai
937,13,São Paulo
1143,11,Valinhos
2269,19,Campinas
2402,20,Campinas
1353,12,Jundiai
762,13,Jundiai
180,9,Valinhos
1009,10,Vinhedo
214,12,Valinhos
2122,12,São Paulo
826,7,Valinhos
379,15,São Paulo
1354,10,Valinhos
460,14,Jundiai
2297,7,Vinhedo
1321,10,Vinhedo
1410,19,Campinas
1897,10,Campinas
1294,13,Vinhedo
141,7,Jundiai
947,6,Valinhos
1458,7,São Paulo
741,16,São Paulo
202,12,Vinhedo
2240,22,Vinhedo
483,23,Vinhedo
1787,23,Jundiai
1888,16,Campinas
2140,15,Campinas
1536,21,Jundiai
320,8,Jundiai
418,14,Campinas
1477,19,São Paulo
551,6,Vinhedo
1371,13,Jundiai
1692,8,Campinas
1257,20,Campinas
1082,21,Jundiai
511,14,Jundiai
1728,23,Valinhos
167,8,Jundiai
320,19,Jundiai
1986,6,Jundiai
738,9,Valinhos
1920,22,São Paulo
371,9,Vinhedo
1923,12,Jundiai
1257,16,Jundiai
1691,19,Campinas
1324,11,São Paulo
583,9,Vinhedo
2365,20,Jundiai
145,13,São Paulo
733,14,Vinhedo
771,8,Campinas
1820,12,São Paulo
1714,20,Vinhedo
167,19,Campinas
189,7,Campinas
827,22,Campinas
1256,10,Campinas
355,19,Vinhedo
636,14,Valinhos
1456,17,São Paulo
2457,21,Vinhedo
888,17,Vinhedo
1643,9,Vinhedo
599,17,Vinhedo
932,9,Vinhedo
27,23,Valinhos
1741,14,Valinhos
2344,20,Valinhos
203,19,Vinhedo
68,14,Campinas
577,22,Campinas
1245,20,Jundiai
2008,15,Campinas
844,13,Valinhos
699,14,Jundiai
508,21,São Paulo
2114,8,Valinhos
818,6,Vinhedo
1718,16,Vinhedo
2288,16,São Paulo
1059,14,Vinhedo
543,19,Campinas
1314,7,Campinas
461,20,Jundiai
476,23,São Paulo
2366,12,Valinhos
659,19,Campinas
1103,16,São Paulo
567,16,São Paulo
1974,12,Valinhos
693,15,Vinhedo
2066,13,Vinhedo
1657,7,Valinhos
157,21,Vinhedo
1353,6,São Paulo
233,22,Vinhedo
1385,18,São Paulo
873,10,São Paulo
194,6,Jundiai
2427,19,Valinhos
1627,12,São Paulo
2106,13,Vinhedo
2055,7,Campinas
2001,6,Campinas
747,10,Vinhedo
633,10,São Paulo
2399,8,Valinhos
1652,7,Jundiai
852,12,São Paulo
1614,16,Valinhos
1187,15,Jundiai
914,12,São Paulo
1896,17,Vinhedo
2367,8,Jundiai
1528,11,Vinhedo
1824,13,Vinhedo
2357,21,Valinhos
1523,15,Jundiai
2441,6,Jundiai
1275,20,Vinhedo
1312,16,Campinas
175,10,Vinhedo
379,11,Jundiai
2478,15,Vinhedo
251,21,Valinhos
809,13,Valinhos
47,8,Campinas
1923,7,Vinhedo
653,16,São Paulo
2107,18,Vinhedo
1049,15,Campinas
749,17,Jundiai
38,18,Campinas
632,13,Campinas
474,7,Valinhos
548,15,São Paulo
1810,21,São Paulo
304,15,Valinhos
387,19,Jundiai
742,8,São Paulo
117,9,São Paulo
1575,22,Campinas
723,19,Valinhos
1275,16,São Paulo
222,8,Campinas
1109,8,Valinhos
415,9,Valinhos
2017,20,Vinhedo
1300,21,Valinhos
342,13,São Paulo
550,14,Jundiai
1521,16,São Paulo
2149,10,Vinhedo
1885,17,Campinas
326,10,Jundiai
779,21,Campinas
426,23,São Paulo
2395,12,São Paulo
322,12,Valinhos
1109,15,Valinhos
1483,22,Campinas
1643,10,Jundiai
30,6,Jundiai
1310,18,São Paulo
2000,16,Valinhos
1082,9,Valinhos
1680,10,Valinhos
936,18,Vinhedo
1910,12,Campinas
2297,9,São Paulo
2181,22,São Paulo
1681,6,Valinhos
1739,11,Valinhos
1347,20,Vinhedo
835,12,São Paulo
1050,11,Campinas
2446,19,Vinhedo
1198,21,Jundiai
241,8,Campinas
916,6,Valinhos
2497,21,Campinas
1700,14,Vinhedo
1955,23,Campinas
994,11,Valinhos
808,12,Campinas
1945,14,Vinhedo
1282,19,Campinas
1334,23,São Paulo
1040,13,Vinhedo
2055,23,Campinas
2358,14,Jundiai
972,18,Valinhos
374,17,São Paulo
2467,8,Vinhedo
1551,16,São Paulo
1853,8,Jundiai
419,18,São Paulo
346,6,São Paulo
1839,10,Valinhos
1674,7,Vinhedo
524,19,Campinas
1671,7,Valinhos
578,13,São Paulo
91,16,Campinas
121,22,Jundiai
636,22,Vinhedo
466,14,Jundiai
1114,21,Vinhedo
79,6,Vinhedo
248,19,Campinas
14,19,Valinhos
1402,14,Vinhedo
2282,14,São Paulo
832,13,Jundiai
718,22,Valinhos
1228,8,Vinhedo
1112,15,Vinhedo
1883,18,Campinas
217,20,Jundiai
601,17,Valinhos
1056,12,Jundiai
2055,18,Campinas
1460,10,Campinas
1720,8,Valinhos
183,13,São Paulo
1045,18,Vinhedo
1268,13,Campinas
2332,23,Jundiai
475,17,Vinhedo
922,18,Valinhos
2268,22,Campinas
388,23,Jundiai
1195,14,Campinas
2479,9,Vinhedo
1390,12,São Paulo
1198,19,Jundiai
1637,19,Campinas
244,20,Jundiai
808,23,Valinhos
640,12,Vinhedo
1360,8,Jundiai
28,12,Valinhos
398,12,Valinhos
1605,20,Jundiai
1098,14,Vinhedo
916,19,Valinhos
1444,19,Jundiai
200,7,Jundiai
409,11,Valinhos
1519,18,Campinas
180,21,Jundiai
633,18,São Paulo
1580,21,Jundiai
1677,19,Vinhedo
2173,6,Campinas
38,11,Valinhos
139,8,Vinhedo
172,15,São Paulo
1609,22,São Paulo
1153,18,Campinas
1151,23,Jundiai
2352,7,São Paulo
766,17,São Paulo
1905,9,Vinhedo
488,22,Campinas
356,9,São Paulo
1041,7,São Paulo
210,12,Valinhos
2352,7,Jundiai
2014,22,Jundiai
164,10,São Paulo
1012,11,São Paulo
2396,17,Jundiai
1317,15,São Paulo
953,12,Campinas
1591,21,Jundiai
1070,21,São Paulo
536,11,Vinhedo
1310,11,São Paulo
1651,6,Jundiai
2404,16,São Paulo
328,16,Valinhos
1187,23,Valinhos
1457,14,Valinhos
10,8,Vinhedo
995,6,São Paulo
2120,21,Jundiai
1786,11,São Paulo
524,15,Vinhedo
492,7,Campinas
1755,11,São Paulo
1651,12,São Paulo
284,17,Vinhedo
478,22,Valinhos
1347,14,Campinas
1160,21,Jundiai
1242,18,Valinhos
1284,23,Vinhedo
1967,22,Valinhos
1280,8,São Paulo
756,19,Campinas
1464,22,Campinas
1108,22,Vinhedo
2470,12,Jundiai
361,6,Valinhos
91,22,Vinhedo
1430,7,Valinhos
115,7,São Paulo
2482,12,Campinas
1097,6,São Paulo
1021,23,Jundiai
453,20,Vinhedo
1515,10,São Paulo
1509,17,São Paulo
631,11,Vinhedo
982,6,Valinhos
1169,9,Valinhos
1597,14,São Paulo
209,21,São Paulo
1390,15,Jundiai
1829,23,Campinas
1811,17,Jundiai
1210,18,Vinhedo
664,21,Valinhos
262,17,Jundiai
923,10,Campinas
617,12,Vinhedo
1950,12,Jundiai
2343,8,Jundiai
797,19,São Paulo
1150,18,São Paulo
2145,11,Campinas
1193,22,Valinhos
1473,10,Valinhos
560,7,Valinhos
1688,6,Jundiai
135,19,Campinas
820,20,Valinhos
1612,19,Campinas
694,10,Valinhos
1400,21,São Paulo
183,17,Valinhos
1898,12,Jundiai
2478,13,Campinas
2010,19,Valinhos
1390,15,Vinhedo
274,6,Campinas
1052,18,Campinas
2352,14,Vinhedo
1374,10,Valinhos
390,18,São Paulo
2305,6,Campinas
1335,7,Jundiai
1829,20,Campinas
1258,20,Valinhos
1730,21,Campinas
2154,23,Vinhedo
581,11,Jundiai
784,11,Jundiai
22,23,Jundiai
797,18,Vinhedo
208,18,Jundiai
1149,12,Jundiai
1170,23,Vinhedo
1138,19,Jundiai
1136,20,São Paulo
2289,16,Valinhos
1907,6,Jundiai
769,16,Valinhos
1727,7,Valinhos
696,12,Vinhedo
112,6,Jundiai
1035,19,São Paulo
423,23,Valinhos
1219,6,Vinhedo
560,6,São Paulo
2127,20,Valinhos
765,8,Valinhos
245,18,Jundiai
1349,23,São Paulo
1961,16,Vinhedo
1765,20,Vinhedo
1444,6,Valinhos
1170,8,Campinas
2379,8,Campinas
406,19,Valinhos
1167,8,Campinas
1732,13,Jundiai
1636,21,Vinhedo
67,23,São Paulo
82,10,Valinhos
1417,7,Vinhedo
1589,15,Vinhedo
397,22,Valinhos
1108,17,São Paulo
253,18,Valinhos
1654,6,Campinas
2032,20,Jundiai
1721,12,Valinhos
1951,16,Vinhedo
1352,9,São Paulo
2004,13,Campinas
2033,18,Campinas
1105,17,Jundiai
488,10,Jundiai
1839,22,Vinhedo
2224,11,Valinhos
1444,8,Vinhedo
1348,8,Jundiai
2250,11,Vinhedo
978,12,Campinas
1768,13,São Paulo
152,16,Jundiai
244,11,São Paulo
413,20,Vinhedo
2054,11,Vinhedo
1981,16,São Paulo
854,8,Campinas
448,15,Vinhedo
2484,23,Jundiai
255,18,Jundiai
1862,6,Valinhos
1018,14,Vinhedo
105,10,Campinas
1471,12,Vinhedo
1590,22,Vinhedo
52,17,Valinhos
2083,11,Jundiai
2161,20,Jundiai
1742,10,São Paulo
403,12,Valinhos
1917,23,Campinas
466,16,Jundiai
775,23,Jundiai
2092,8,Campinas
2033,17,Jundiai
1044,21,Vinhedo
1134,22,Campinas
1555,17,Jundiai
2057,11,Jundiai
1241,11,Valinhos
2421,17,Campinas
384,14,Campinas
491,8,Vinhedo
210,17,Valinhos
309,20,Jundiai
1859,13,São Paulo
2493,21,Campinas
2270,21,Jundiai
1033,13,São Paulo
1885,15,Jundiai
2323,9,Jundiai
995,15,Vinhedo
2305,20,Campinas
342,12,Vinhedo
793,23,Campinas
1813,7,Valinhos
2405,14,Valinhos
1677,19,Campinas
1908,12,Jundiai
414,13,Campinas
260,10,Jundiai
177,13,Jundiai
1890,21,Vinhedo
1183,16,Jundiai
1895,16,Vinhedo
352,8,São Paulo
64,8,São Paulo
669,8,São Paulo
793,18,São Paulo
1878,17,São Paulo
1682,7,São Paulo
111,22,Valinhos
479,12,Campinas
1568,6,Jundiai
1906,10,Campinas
654,23,Vinhedo
715,17,Campinas
815,23,Campinas
985,16,Campinas
598,21,São Paulo
1796,10,Valinhos
390,22,São Paulo
241,12,São Paulo
2082,21,Valinhos
298,8,Vinhedo
2397,16,São Paulo
1519,11,Vinhedo
1761,13,Jundiai
756,17,Vinhedo
2401,14,Valinhos
293,22,Jundiai
2197,13,Campinas
743,15,São Paulo
608,10,Valinhos
1068,21,Campinas
1709,21,Vinhedo
1291,6,Jundiai
2124,16,Campinas
2316,20,Valinhos
1061,22,Valinhos
1016,14,Vinhedo
2123,13,Valinhos
1925,11,Campinas
2319,12,Valinhos
563,7,Campinas
1719,16,Jundiai
828,16,São Paulo
1028,10,Valinhos
1333,7,São Paulo
1453,17,Campinas
1403,11,Valinhos
269,10,Campinas
1641,11,Jundiai
1402,17,Valinhos
1892,7,São Paulo
660,21,Vinhedo
610,6,São Paulo
1925,14,Jundiai
1505,20,Vinhedo
897,18,Campinas
2410,13,Valinhos
1349,12,São Paulo
2263,19,Vinhedo
1385,19,São Paulo
1886,7,Campinas
1441,11,Campinas
1715,21,Campinas
2094,13,Vinhedo
1737,7,Jundiai
1213,6,Campinas
2351,18,São Paulo
1070,12,Jundiai
1394,14,Valinhos
916,14,Jundiai
1708,18,Jundiai
138,8,São Paulo
1673,14,Vinhedo
2138,20,Campinas
350,14,Jundiai
2068,16,Valinhos
1065,18,Jundiai
439,12,Vinhedo
1304,8,Jundiai
2030,19,Jundiai
1384,10,São Paulo
238,15,Vinhedo
25,21,São Paulo
2258,16,Vinhedo
1466,6,Jundiai
610,8,Valinhos
774,21,Jundiai
394,10,Vinhedo
2237,22,Vinhedo
1514,13,Vinhedo
221,16,Valinhos
2085,17,Vinhedo
1677,8,Campinas
892,14,São Paulo
1454,11,Jundiai
52,19,São Paulo
1843,18,Jundiai
1283,19,Valinhos
472,20,São Paulo
1191,15,Vinhedo
806,11,Jundiai
518,17,Valinhos
2188,18,Valinhos
1794,20,Valinhos
833,13,Jundiai
1291,16,Vinhedo
907,22,Jundiai
1474,14,Vinhedo
1956,14,São Paulo
1534,20,Jundiai
94,14,São Paulo
600,22,São Paulo
412,20,Campinas
1984,6,Jundiai
138,17,Vinhedo
2292,11,Valinhos
1174,12,São Paulo
349,9,Jundiai
1981,12,Vinhedo
1675,7,Valinhos
2254,21,Vinhedo
717,10,Valinhos
51,21,São Paulo
363,11,Jundiai
1612,23,Vinhedo
1418,7,Jundiai
851,10,São Paulo
919,19,Jundiai
821,9,Valinhos
743,10,Valinhos
974,16,Valinhos
1831,18,Valinhos
697,15,São Paulo
495,14,Vinhedo
738,7,Jundiai
2169,9,Vinhedo
78,20,Valinhos
2423,12,São Paulo
2276,6,Campinas
1518,14,Valinhos
2397,12,Jundiai
643,14,Jundiai
1864,22,Vinhedo
1319,14,Vinhedo
2406,11,Campinas
2229,23,Valinhos
1042,7,Jundiai
1185,22,Campinas
1934,10,Jundiai
2227,17,Campinas
303,19,Valinhos
2360,8,Vinhedo
1383,13,Campinas
1648,7,Valinhos
347,12,Vinhedo
1725,12,São Paulo
975,9,Vinhedo
2133,20,Valinhos
286,7,Valinhos
856,14,Jundiai
2357,12,São Paulo
950,11,Vinhedo
77,17,Valinhos
2422,22,Jundiai
473,19,Campinas
2449,16,Vinhedo
1567,19,Vinhedo
1876,6,Vinhedo
1189,13,Vinhedo
1368,21,Campinas
251,6,Valinhos
2279,7,Jundiai
791,20,Vinhedo
761,14,São Paulo
1527,20,Jundiai
298,9,Campinas
381,13,Vinhedo
1072,23,Valinhos
1625,13,Campinas
1246,10,Vinhedo
1356,19,Vinhedo
2228,13,Jundiai
2418,11,São Paulo
286,12,Campinas
297,18,Jundiai
1793,7,São Paulo
996,23,Vinhedo
1547,20,Vinhedo
616,16,Jundiai
1383,16,Jundiai
1943,10,Jundiai
2275,10,Valinhos
1099,8,Jundiai
1491,18,Jundiai
1294,11,Valinhos
61,16,Campinas
559,12,Valinhos
730,8,São Paulo
870,22,São Paulo
1535,21,Campinas
175,14,São Paulo
1941,13,Vinhedo
2415,9,Campinas
794,19,Vinhedo
846,13,Jundiai
396,20,São Paulo
2400,10,Jundiai
2299,10,Campinas
2097,8,São Paulo
573,6,Jundiai
1612,13,Valinhos
2314,21,Vinhedo
2010,11,São Paulo
1817,10,São Paulo
78,16,Vinhedo
2067,17,Jundiai
229,21,Vinhedo
1294,17,Campinas
2213,22,São Paulo
1844,6,São Paulo
1053,13,Valinhos
1658,13,São Paulo
160,11,Campinas
1995,18,Vinhedo
464,6,Campinas
584,19,Valinhos
961,17,Valinhos
1177,7,Valinhos
1250,14,Campinas
785,21,Vinhedo
1573,22,Valinhos
1983,12,Vinhedo
1183,6,Vinhedo
475,16,Vinhedo
815,23,Campinas
192,15,Vinhedo
850,12,Jundiai
1065,20,Campinas
167,6,Vinhedo
103,20,São Paulo
1628,8,Campinas
387,9,São Paulo
838,12,Jundiai
782,13,Valinhos
1947,19,Vinhedo
208,7,Vinhedo
153,7,São Paulo
1099,13,Jundiai
217,7,Vinhedo
494,8,Vinhedo
43,18,São Paulo
266,18,Jundiai
1937,20,Campinas
398,12,São Paulo
533,19,Campinas
227,15,São Paulo
401,16,Campinas
2060,21,Vinhedo
1329,15,Vinhedo
1001,22,Valinhos
1166,11,Valinhos
880,10,Campinas
106,7,Campinas
1319,20,Vinhedo
1045,22,Jundiai
1310,6,Jundiai
247,20,Vinhedo
985,23,São Paulo
562,17,Campinas
709,12,São Paulo
2314,12,Jundiai
2138,13,Campinas
943,11,São Paulo
1147,9,Jundiai
2083,9,Jundiai
2079,22,Jundiai
2312,21,São Paulo
1933,21,Valinhos
638,16,São Paulo
2059,16,Campinas
964,7,Valinhos
390,9,Vinhedo
2080,14,São Paulo
2060,15,Jundiai
266,13,Jundiai
595,12,Jundiai
2082,17,São Paulo
337,16,São Paulo
2133,17,Valinhos
1355,15,São Paulo
1923,12,Campinas
1559,21,Campinas
791,23,Valinhos
1320,11,Valinhos
261,9,Valinhos
1516,17,São Paulo
863,10,Valinhos
2132,16,São Paulo
1349,22,Campinas
1812,17,Vinhedo
1508,23,São Paulo
2329,16,São Paulo
2202,6,Vinhedo
1515,12,São Paulo
616,23,São Paulo
2244,14,Campinas
593,17,São Paulo
988,18,Campinas
2393,23,Vinhedo
686,11,Vinhedo
445,13,Vinhedo
749,12,Jundiai
282,16,Valinhos
1199,17,Vinhedo
592,17,Vinhedo
1478,16,Valinhos
2041,15,São Paulo
1114,6,Vinhedo
1141,13,Jundiai
1880,23,São Paulo
2444,19,Campinas
2093,17,Vinhedo
664,11,São Paulo
2394,22,Jundiai
1940,10,São Paulo
747,7,Jundiai
633,17,Jundiai
1520,15,Campinas
1576,11,São Paulo
1925,17,Campinas
746,13,Vinhedo
1607,10,Campinas
579,20,São Paulo
1573,18,Vinhedo
880,22,Jundiai
322,6,Vinhedo
1621,13,Jundiai
2445,12,Valinhos
199,15,Campinas
580,9,São Paulo
2206,13,Valinhos
1259,12,Vinhedo
1787,22,Valinhos
872,9,Jundiai
1791,14,Campinas
917,6,São Paulo
2090,12,Campinas
588,11,Jundiai
590,14,Vinhedo
1839,11,São Paulo
835,10,Campinas
381,15,Vinhedo
1110,6,São Paulo
566,7,Jundiai
968,14,Valinhos
1019,10,Jundiai
2220,22,Campinas
563,13,São Paulo
1679,13,Jundiai
770,8,Jundiai
617,20,Jundiai
1220,13,Vinhedo
2300,9,Vinhedo
1859,11,Campinas
1068,12,Jundiai
1559,7,Valinhos
1174,19,Valinhos
732,16,Valinhos
366,13,Campinas
1282,13,Campinas
141,10,São Paulo
469,12,Vinhedo
1296,8,Campinas
95,20,Jundiai
2151,19,Vinhedo
2258,9,São Paulo
1582,20,São Paulo
260,23,Vinhedo
1193,19,Vinhedo
829,10,Vinhedo
2415,15,Vinhedo
1811,22,Jundiai
101,7,Jundiai
825,13,Jundiai
1458,20,Campinas
236,20,Jundiai
322,11,Jundiai
110,23,Campinas
2452,10,Jundiai
2198,17,São Paulo
1644,8,Campinas
99,14,Vinhedo
530,18,Valinhos
1439,6,Jundiai
1202,22,Jundiai
1239,13,São Paulo
850,6,Jundiai
853,9,Jundiai
33,14,São Paulo
2186,20,Jundiai
849,22,Vinhedo
633,17,Vinhedo
1496,21,Jundiai
2423,9,Campinas
1983,13,Valinhos
1954,12,Campinas
1142,20,Jundiai
370,22,Campinas
848,15,Vinhedo
1254,23,Campinas
1447,21,Valinhos
1527,23,São Paulo
376,19,São Paulo
1108,11,Campinas
2102,23,São Paulo
337,8,Jundiai
1196,17,São Paulo
1286,23,São Paulo
246,7,São Paulo
50,8,São Paulo
1426,12,Vinhedo
1423,14,Campinas
2238,11,Campinas
880,7,Campinas
1110,6,Valinhos
1959,15,Jundiai
2395,13,Campinas
76,21,São Paulo
1809,21,Vinhedo
1907,20,Vinhedo
1906,10,Vinhedo
1114,16,São Paulo
1937,17,Vinhedo
776,17,São Paulo
1673,7,Jundiai
603,15,Vinhedo
108,19,Campinas
541,14,Campinas
2029,7,São Paulo
629,17,São Paulo
2007,19,Vinhedo
623,16,Campinas
1461,15,Jundiai
1832,21,Vinhedo
1232,8,Campinas
2323,16,Vinhedo
2342,16,Jundiai
1444,6,São Paulo
810,19,Campinas
2227,22,Jundiai
1441,13,Vinhedo
1686,16,Valinhos
1034,21,Valinhos
584,13,Valinhos
381,9,Jundiai
1460,23,São Paulo
1225,17,Jundiai
2093,16,Vinhedo
1408,17,Campinas
1210,21,Campinas
805,16,Jundiai
2014,6,Vinhedo
1032,10,São Paulo
846,19,Vinhedo
1278,20,Vinhedo
616,21,São Paulo
861,17,Jundiai
1508,22,Jundiai
2400,14,Jundiai
2025,20,São Paulo
404,8,São Paulo
1010,10,Campinas
2151,20,Valinhos
293,14,Valinhos
649,19,Vinhedo
1695,20,Jundiai
1155,9,Campinas
1921,18,Campinas
206,8,Valinhos
127,18,São Paulo
1830,10,Vinhedo
1682,13,Jundiai
1740,6,Campinas
2133,8,Valinhos
382,14,São Paulo
2127,22,Campinas
1471,13,Valinhos
1267,13,Campinas
609,18,São Paulo
210,21,Jundiai
1853,19,Valinhos
407,16,Vinhedo
142,14,Jundiai
471,22,Valinhos
1672,6,Vinhedo
2150,8,Valinhos
1466,16,São Paulo
2348,21,Jundiai
1388,6,Valinhos
2338,13,São Paulo
2253,13,Campinas
1307,20,Vinhedo
1452,22,Campinas
1995,19,Vinhedo
1914,11,Campinas
1058,15,Vinhedo
1045,14,Jundiai
1602,22,Vinhedo
1355,8,Campinas
160,7,Campinas
2283,19,Campinas
108,20,Valinhos
2124,21,Campinas
2124,20,Jundiai
2303,18,Jundiai
471,23,Jundiai
373,14,Campinas
2109,16,Campinas
1351,12,Jundiai
1466,23,Vinhedo
457,11,São Paulo
2179,19,Vinhedo
238,7,Vinhedo
2183,15,Jundiai
436,6,Jundiai
718,14,Vinhedo
159,20,Jundiai
243,16,Campinas
2127,12,Campinas
1247,19,São Paulo
1276,23,Campinas
1731,12,Campinas
595,12,Vinhedo
853,23,São Paulo
847,23,Valinhos
605,8,São Paulo
1865,12,Valinhos
1816,22,Campinas
1594,12,Valinhos
372,10,Valinhos
424,16,Jundiai
1058,22,São Paulo
2298,16,Campinas
527,9,São Paulo
993,19,São Paulo
828,7,Campinas
741,17,Jundiai
1854,23,Vinhedo
2131,15,Valinhos
123,21,Jundiai
2496,8,Valinhos
1216,13,São Paulo
2134,19,São Paulo
85,23,São Paulo
1301,9,Vinhedo
738,21,São Paulo
1047,10,Campinas
1640,10,Valinhos
850,18,São Paulo
137,8,Jundiai
1501,15,Campinas
1054,14,Vinhedo
1875,7,Jundiai
2215,13,Campinas
964,15,São Paulo
1154,10,Vinhedo
887,10,São Paulo
316,19,Vinhedo
1896,18,Campinas
392,13,Jundiai
2361,19,Vinhedo
808,6,Valinhos
928,22,Vinhedo
2351,22,Campinas
845,18,Vinhedo
2360,8,Jundiai
1310,21,Valinhos
25,7,Valinhos
1182,6,Jundiai
2436,14,Jundiai
724,9,Vinhedo
1872,11,Campinas
1151,7,Jundiai
2499,6,São Paulo
205,21,Jundiai
1454,15,São Paulo
691,22,Jundiai
1635,8,Valinhos
405,14,Vinhedo
184,22,São Paulo
1321,11,Jundiai
263,19,Valinhos
2358,18,Vinhedo
874,10,São Paulo
404,16,São Paulo
1625,8,Campinas
1726,10,Campinas
1958,9,Vinhedo
1498,7,Vinhedo
1419,21,Valinhos
2191,19,Jundiai
1011,8,São Paulo
1156,17,Valinhos
1822,14,Campinas
883,11,Campinas
1613,15,Jundiai
525,18,São Paulo
665,21,Valinhos
1108,14,São Paulo
1873,13,Valinhos
411,18,Campinas
1821,9,Campinas
1557,12,Valinhos
1993,13,Campinas
1835,6,Vinhedo
405,7,Vinhedo
1813,6,Valinhos
1911,11,Campinas
1246,21,Valinhos
899,21,Campinas
841,7,São Paulo
1134,10,São Paulo
450,13,Campinas
2067,12,Campinas
2338,23,Vinhedo
1188,20,Vinhedo
109,7,Valinhos
429,15,Jundiai
1651,22,Campinas
1836,20,São Paulo
1911,12,Valinhos
1400,10,Valinhos
242,21,São Paulo
27,15,São Paulo
2188,22,Jundiai
714,12,Valinhos
2211,10,São Paulo
868,8,Vinhedo
2070,21,Jundiai
577,16,São Paulo
362,18,Valinhos
235,23,Vinhedo
1298,12,Vinhedo
994,8,São Paulo
1328,20,São Paulo
921,22,Valinhos
607,15,Jundiai
2285,22,Jundiai
1771,13,Vinhedo
564,20,Jundiai
1086,11,Vinhedo
83,12,Jundiai
1061,23,Valinhos
1559,13,Vinhedo
851,13,Vinhedo
1146,8,Valinhos
1932,8,Vinhedo
2008,17,Jundiai
1942,13,Jundiai
809,22,Jundiai
1225,12,Jundiai
1812,16,Jundiai
14,6,Jundiai
1643,12,Jundiai
204,16,Jundiai
1997,15,Valinhos
2347,14,São Paulo
178,19,Vinhedo
2214,6,Jundiai
231,8,Valinhos
579,7,São Paulo
1495,7,Jundiai
1442,18,Vinhedo
1751,6,Valinhos
534,6,Campinas
2143,9,São Paulo
1193,19,Valinhos
2172,14,Vinhedo
2034,13,Valinhos
512,14,Vinhedo
1295,11,Campinas
2459,10,Campinas
1193,17,Campinas
1673,16,Campinas
1720,15,Valinhos
120,15,Jundiai
198,15,Campinas
2251,19,Jundiai
737,13,Valinhos
845,10,Jundiai
2188,13,Vinhedo
1611,10,Vinhedo
1526,17,Vinhedo
288,23,Campinas
629,12,São Paulo
2287,17,Jundiai
1136,21,Jundiai
2481,11,Valinhos
2038,9,Valinhos
1736,16,Jundiai
1099,11,Valinhos
147,23,São Paulo
962,13,Jundiai
1027,15,Campinas
487,15,Jundiai
271,22,Jundiai
2214,22,São Paulo
556,14,Vinhedo
385,22,Campinas
1363,16,Campinas
1892,23,Campinas
814,13,São Paulo
1071,19,Jundiai
1459,23,Valinhos
121,7,Vinhedo
2417,18,Valinhos
337,12,São Paulo
1621,12,Campinas
102,17,Jundiai
1121,21,Valinhos
2432,14,Jundiai
889,21,Campinas
2009,16,Valinhos
1853,15,Valinhos
2091,12,Valinhos
1780,12,São Paulo
863,20,Valinhos
1433,22,Valinhos
521,19,Jundiai
138,23,Vinhedo
2468,14,Campinas
642,14,Jundiai
1781,21,Vinhedo
1088,10,Campinas
932,20,Vinhedo
748,8,Jundiai
1166,19,Campinas
2163,20,Jundiai
1903,23,Campinas
1727,19,Jundiai
609,8,Jundiai
2243,18,Valinhos
1663,6,Valinhos
519,10,Valinhos
693,10,Jundiai
387,9,Valinhos
838,17,Campinas
1304,17,Vinhedo
1002,13,Jundiai
20,10,São Paulo
2083,20,Jundiai
399,15,Jundiai
285,17,Valinhos
1236,21,Campinas
246,20,Campinas
1096,8,Valinhos
978,19,Valinhos
2212,10,Jundiai
1402,19,Vinhedo
1617,23,São Paulo
1132,7,Jundiai
1858,20,Jundiai
1783,19,Campinas
2462,16,Valinhos
658,9,São Paulo
693,8,São Paulo
1616,20,Jundiai
162,23,São Paulo
839,8,Vinhedo
976,15,Vinhedo
730,23,São Paulo
1221,22,Vinhedo
2048,23,São Paulo
1611,6,São Paulo
2378,18,Jundiai
1462,12,Campinas
79,19,Jundiai
1622,17,Jundiai
1109,9,Jundiai
335,22,São Paulo
2434,15,São Paulo
508,14,Valinhos
1441,7,São Paulo
1811,14,Jundiai
103,17,Campinas
1944,17,Jundiai
2137,10,Vinhedo
1453,6,Vinhedo
2402,9,Valinhos
1000,21,Vinhedo
1408,7,Campinas
227,6,Jundiai
480,9,Jundiai
178,8,Vinhedo
1265,12,São Paulo
394,19,São Paulo
1779,19,Valinhos
935,11,Campinas
2021,20,São Paulo
569,19,Valinhos
2352,23,Valinhos
2426,8,São Paulo
1753,15,São Paulo
1797,15,Valinhos
2048,19,Vinhedo
1809,15,São Paulo
2179,22,Campinas
2211,23,Vinhedo
821,7,Vinhedo
659,15,Jundiai
2282,9,Valinhos
286,15,Jundiai
2000,23,Jundiai
1085,12,Campinas
388,21,São Paulo
401,20,Campinas
2103,17,Campinas
53,10,Jundiai
271,22,Jundiai
2273,13,Valinhos
430,18,Campinas
1132,19,Campinas
1129,9,Jundiai
1000,22,Vinhedo
1466,10,São Paulo
2357,21,Valinhos
410,23,Valinhos
931,6,São Paulo
193,6,Campinas
2003,12,Valinhos
1009,22,Campinas
37,23,Jundiai
930,19,Valinhos
1648,23,Campinas
754,14,Valinhos
2005,13,São Paulo
1355,14,Campinas
923,13,Vinhedo
1256,14,São Paulo
520,12,Campinas
360,19,Jundiai
2227,14,Valinhos
1214,13,Jundiai
1897,12,Valinhos
467,16,Jundiai
20,8,Valinhos
665,21,Jundiai
1596,14,São Paulo
185,12,São Paulo
1769,17,Valinhos
1906,8,Campinas
2228,10,Vinhedo
1041,21,Campinas
2236,11,Campinas
886,18,Campinas
131,12,São Paulo
830,20,São Paulo
1477,12,Vinhedo
2148,9,Valinhos
1017,8,Jundiai
1103,9,Valinhos
937,9,Valinhos
1107,16,São Paulo
1975,23,Valinhos
1776,13,Campinas
606,20,Jundiai
464,19,Campinas
1080,9,Valinhos
953,16,Jundiai
1764,20,Valinhos
572,16,Valinhos
1062,9,Valinhos
2183,6,São Paulo
1970,15,Campinas
1993,19,São Paulo
65,10,Vinhedo
2453,21,Campinas
588,14,São Paulo
72,10,Valinhos
854,6,Jundiai
36,9,Campinas
1928,7,São Paulo
750,15,Campinas
1808,6,Jundiai
181,16,Valinhos
470,7,São Paulo
902,19,Jundiai
2070,13,Valinhos
143,21,Valinhos
562,13,Jundiai
1651,14,Campinas
36,8,Vinhedo
67,19,Valinhos
162,8,Campinas
723,11,Jundiai
1774,19,Jundiai
1192,6,Vinhedo
1038,13,Valinhos
2294,18,Vinhedo
1151,21,Jundiai
2058,7,Valinhos
1696,6,Campinas
1718,6,Valinhos
510,19,São Paulo
276,9,Valinhos
2153,14,São Paulo
263,10,Vinhedo
1821,8,Valinhos
2056,6,São Paulo
1048,18,São Paulo
1453,20,Jundiai
1919,11,Vinhedo
628,17,Valinhos
1309,10,Vinhedo
799,19,Vinhedo
1096,13,Campinas
1198,17,Vinhedo
1292,18,Vinhedo
1734,18,Campinas
75,12,Valinhos
1301,8,Vinhedo
94,14,Jundiai
1510,7,Campinas
2197,23,Campinas
1363,9,Campinas
161,8,São Paulo
50,17,Vinhedo
1793,21,Valinhos
1659,13,Jundiai
843,16,Campinas
2095,22,São Paulo
1861,9,Jundiai
2006,13,Vinhedo
2348,17,Vinhedo
1039,23,São Paulo
2495,18,Vinhedo
2011,13,Vinhedo
1718,18,Campinas
916,23,Jundiai
575,16,Vinhedo
2066,8,São Paulo
2409,20,São Paulo
2017,18,Campinas
576,10,Jundiai
1712,15,Valinhos
2355,20,Campinas
1584,10,Jundiai
1647,10,São Paulo
2312,21,Jundiai
1962,11,Valinhos
2433,23,Campinas
1176,6,Jundiai
36,8,Vinhedo
245,11,São Paulo
2232,17,Vinhedo
1849,19,São Paulo
808,7,Campinas
125,21,São Paulo
1238,11,Valinhos
2049,16,Vinhedo
181,9,Valinhos
1596,15,São Paulo
2258,19,Vinhedo
431,14,Valinhos
903,12,Valinhos
1311,11,Campinas
830,17,Jundiai
425,11,Vinhedo
1448,15,São Paulo
1769,13,Jundiai
136,12,Jundiai
1890,6,Campinas
1307,11,Jundiai
443,7,Jundiai
2046,22,Vinhedo
1559,18,Campinas
1390,17,Vinhedo
564,13,São Paulo
2486,21,Jundiai
2172,17,São Paulo
1729,14,Valinhos
1461,21,Valinhos
55,9,Campinas
178,22,São Paulo
1103,20,São Paulo
31,18,São Paulo
637,6,Campinas
67,8,São Paulo
1396,19,Vinhedo
1019,9,Jundiai
1267,14,Jundiai
544,10,Vinhedo
1147,14,Vinhedo
1716,16,São Paulo
1445,16,Valinhos
2073,11,Valinhos
869,7,Campinas
1149,16,Jundiai
439,13,Valinhos
1584,6,São Paulo
2201,6,Jundiai
1857,18,São Paulo
1066,20,São Paulo
1191,11,São Paulo
1423,13,Vinhedo
1811,13,Campinas
2299,13,Vinhedo
1965,18,São Paulo
923,14,Jundiai
29,20,Vinhedo
1915,8,Campinas
544,20,Jundiai
1672,11,Vinhedo
486,22,Jundiai
680,17,Jundiai
525,10,Jundiai
1991,20,Campinas
1318,7,Valinhos
394,13,Campinas
680,15,Vinhedo
205,6,Valinhos
1330,11,Jundiai
1489,11,São Paulo
1701,11,Campinas
437,11,Jundiai
2171,9,Jundiai
44,13,Jundiai
122,14,Valinhos
1813,11,Valinhos
471,11,Valinhos
1491,19,Valinhos
981,18,Valinhos
1308,8,Valinhos
2268,10,Valinhos
364,10,Jundiai
13343,0,Teerã
35151,0,Moscou
35071,2,Teerã
12749,3,Moscou
22096,4,Pequim
15842,4,Moscou
17075,3,Teerã
18612,0,Pequim
34923,4,Moscou
43606,0,Moscou
24217,2,Teerã
13503,2,Pequim
14998,1,Teerã
40206,3,Pequim
35282,3,Pequim
25418,2,Moscou
33223,0,Pequim
24580,0,Teerã
44914,1,Pequim
38709,2,Moscou
48783,3,Moscou
36206,4,Teerã
35215,4,Teerã
34349,3,Teerã
11204,0,Pequim
11623,4,Pequim
44283,2,Teerã
32695,3,Moscou
12957,1,Pequim
27252,4,Teerã
24478,0,Moscou
47225,0,Pequim
14998,4,Moscou
18046,0,Pequim
27744,3,Moscou
42791,2,Teerã
30402,2,Teerã
45651,1,Pequim
13542,0,Teerã
46472,3,Moscou
25649,4,Moscou
13941,0,Moscou
41031,4,Pequim
45826,0,Teerã
28570,4,Teerã
32834,0,Moscou
24881,3,Moscou
32869,0,Pequim
36933,0,Teerã
14967,1,Moscou
